совместного распределения;0.5403
тематического моделирования;0.5307
осмысленными словосочетаниями;0.5132
определения тематической;0.511
серия экспериментов;0.4873
процесс определения;0.4867
неоднословных тематизаторов;0.4828
моделирования текстовых;0.4812
сохранения текстов;0.4808
используемых алгоритмов;0.4785
повышения интерпретируемости;0.4782
создания инструментария;0.4781
словосочетаниями примеры;0.4763
равномерности распределения;0.4758
извлечения структурирования;0.4753
построения тематических;0.474
моделирования автоматическим;0.474
осмысленные сочетания;0.471
меток повторениями;0.4709
распределения вероятностей;0.47
