Article ID,Generated keywords,Reference keywords,Matches,Match %
Adrova_IMS_2013,"хеширования, алгоритмов хеширования, scrypt, паролей, раундов, алгоритмов, bcrypt, полежаев оренбургский, gost, алгоритм",,,0.0
Aksarin_IMS_2013,"новой сцены, сцены александринского, александринского театра, новой, интернет, сцены, открытии новой, театра, сети интернет, александринского",,,0.0
Arzumanyan_IMS_2013,"информации, онтологии, концептуальных карт, концептуальных, области, предметной области, восприятие информации, представления, поиска, структуризации информации",,,0.0
Bershadskaya_IMS_2013,"электронного правительства, электронного, правительства, социальных медиа, услуг электронного, социальных, услуг, социальных сетей, государственных услуг, рои",,,0.0
Bikkulov_IMS_2013,"подростковых самоубийств, самоубийств, социальных медиа, социальных, подростковых, социальных сетях, сообщений, сми, самоубийств среди, медиа",,,0.0
Bogomolova_IMS_2013,"предметной области, государственного управления, онтологии, государственное управление, управления, статистического наблюдения, уис россия, области, онтологии предметной, показателей",,,0.0
Bogoraz_IMS_2013,"проникновение, тестов, безопасности, тестирования, уязвимостей, проведения тестов, security testing, digital security, security, оценки",,,0.0
Bolgov_IMS_2013,"электронной демократии, электронного участия, демократии, электронной, электронного, участия, механизмов электронной, россии, разных странах, электронного правительства",,,0.0
Boyarsky_IMS_2013,"слова, омонимии, слов, слово, анализа, предложения, словосочетание, существительное, является, semsin",,,0.0
Boykov_IMS_2013,"тезауруса, термина, стих, поэтологии, iii, примеры, тст, стопный стих, равносложный стих, поля тст",,,0.0
Brodovskaya_IMS_2013,"world internet, the, internet, internet project, world, the within, within the, the framework, the internet, the perception",,,0.0
Brodovskaya_IMS_2013,"world internet, internet project, реализованного московским, московским государственным, результаты исследования, отражены некоторые, некоторые результаты, государственным гуманитарным, гуманитарным университетом, университетом имени",,,0.0
Brodovskaya_IMS_2013,"глобальной сети, политической субъектности, интернет, интернете, интернета, россиян, пространстве интернет, глобальной, политической, действия властей",,,0.0
Chirkin_IMS_2013,"данных, например, извлечения данных, страницы, извлечения, извлечение, сайта, data, страниц, следует",,,0.0
Chizhik_IMS_2013,"сети интернет, сети, интернет, продукта, информации, является, мультимедийного продукта, необходимо отметить, рекламной акции, случае",,,0.0
Dyakova_IMS_2013,"электронного правительства, китае, развития электронных, развития, правительства, электронного, электронных услуг, развития человеческого, индексу развития, власти",,,0.0
Evtushenko_IMS_2013,"управления, системы управления, системы, числе, процессов, система, процессно-проектного управления, управления изменениями, систем, дальнейшем",,,0.0
Gorelik_IMS_2013,"регистрации, регистрации паспорта, паспорта, электронной регистрации, пользователя, электронной, процедура регистрации, процессе регистрации, процедура, введение стремление",,,0.0
Grigorieva_IMS_2013,"пожилых, пожилых людей, икт, обучение пожилых, пожилых икт, социальных, социального исключения, обучение, россии, людей",,,0.0
Grigoryuk_IMS_2013,"данных, базе данных, данными, модель данных, брагинская институт, google maps, модель, анализа, данные, экспериментов",,,0.0
IMS2013_conv,"сети интернет, the, дата обращения, раздел, url, интернет, электронный ресурс, российской федерации, информации, xvi всероссийской",,,0.0
Ivanchenko_IMS_2013,"мобильных устройств, мобильных технологий, мобильных, студентов, преподавателей, устройств, среди преподавателей, технологий, среди студентов, применения мобильных",,,0.0
Ivanko_IMS_2013,"shifted delta, delta cepstra, sdc, признаков sdc, идентификации языка, признаков, vad, mfccs, языка, сия",,,0.0
Juk_IMS_2013,"социальных сетей, сети, социальные сети, социальных, социальных сетях, информации, антипиратский закон, исследования, антипиратский, сетей",,,0.0
Karbovskii_IMS_2013,"ммс, экстремальных ситуациях, ситуациях, пользователей ммс, экстремальных, принятия решений, эвакуации, населения, чрезвычайных ситуациях, ситуации",,,0.0
Karnup_IMS_2013,"сети интернет, интернет, общения, сети, twitter, русский язык, языка, английского языка, коммуникации, микроблогов twitter",,,0.0
Koltsova_IMS_2013,"постов, количество, количество комментариев, комментариев, количество постов, блоггеров, распределения, темы, темам, lda",,,0.0
Kovalevsky_IMS_2013,"активная сейсмология, активной сейсмологии, активная, области активной, сейсмология, ран, данных, научных исследований, исследований, активной",,,0.0
Lipuntsov_IMS_2013,"данных, модели данных, открытых данных, обмена, статистических данных, области, модели, проекта, сущности, предметной области",,,0.0
Lyapin_IMS_2013,"библиотеки, полнотекстового поиска, поиска, например, электронной библиотеки, абзацев, запроса, полнотекстовой библиотеки, одиночество, сервисов",,,0.0
Markarova_IMS_2013,"информации, информационного общества, образования, электронной библиотеки, информационного, системы, библиотеки, управления, образовательных, обработки информации",,,0.0
Masloboev_IMS_2013,"миас бвр, управления безопасностью, поддержки управления, управления, региональной безопасности, задач управления, управления региональной, безопасности, миас, бвр",,,0.0
Mbogo_IMS_2013,"open archives, archives initiative, информационного общества, научных, open, научной, исследований, научных исследований, информационных систем, информации",,,0.0
Moiseichev_IMS_2013,"creative commons, свободных лицензий, лицензии creative, creative, commons, лицензий, свободные лицензии, свободных, лицензии, россии",,,0.0
Novolodskaya_IMS_2013,"сети, человека, культуры, становится, сети интернет, пространстве сети, иоанном гутенбергом, глобальной сети, новые, информации",,,0.0
Peskova_IMS_2013,"облачных, безопасности, облачных вычислений, данных, облачных технологий, облако, степень, степень полезности, service, cloud",,,0.0
Pijavskij_IMS_2013,"фактографической информации, информации, фактографической, лексем, атомов, поиска фактографической, кластера, атбд, поиска, виде",,,0.0
Platonov_IMS_2013,"дво ран, ран, отделения ран, дальневосточного отделения, научных, интернет, дво, сайта, cybermetrics lab, института",,,0.0
Prokudin_IMS_2013,"российской федерации, электронного государства, государственных услуг, информационное общество, электронного правительства, сети интернет, электронного, услуг, государственной власти, концепции электронного",,,0.0
Ruzanova_IMS_2013,"республики карелия, муниципальных услуг, карелия, республики, власти республики, услуг республики, услуг, правительства республики, государственных услуг, электронного правительства",,,0.0
Shubinskiy_IMS_2013,"сети интернет, интернет, сети, детей, интернете, системы, курса, курс, информации, цаир",,,0.0
Shustrova_IMS_2013,"театра, театр, современного театра, новые, грэм вик, технологии, спектакля, виртуальный театр, новые технологии, виртуальные технологии",,,0.0
Sidorova_IMS_2013,"органов власти, власти, органов, сайтов, алтайского края, власти алтайского, региональных органов, сайтов органов, информации, алтайского",,,0.0
Solovjova_IMS_2013,"учебного материала, учебных материалов, материалов, учебного, дидактических материалов, материала, преподавателей, учебных, оод, создания мультимедийных",,,0.0
Talbonen_IMS_2013,"коллекции, коллекции изображений, изображений, поиска, выполнять, рогов петрозаводский, программный комплекс, основе, помощью, информации",,,0.0
Tolstikova_IMS_2013,"социального взаимодействия, коммуникации, социальных сетей, социальных, социального, взаимодействия, интернет, общения, жизни, культуры",,,0.0
Trakhtenberg_IMS_2013,"государственных услуг, услуг, портал государственных, муниципальных услуг, государственных, электронном виде, портал, услуги, портала, исследования",,,0.0
Voroshilov_IMS_2013,"фактографической информации, работы, студентов, курсовой работы, информации, студента, работы студента, фактографической, работы студентов, самостоятельной работы",,,0.0
Yakushev_IMS_2013,"социальной сети, сети, пользователей, связей, реальном мире, социальной, данных, сети vkontakte, знакомы, реальном",,,0.0
Zakharkina_IMS_2013,"информационных систем, cms, материалов, реализации, культурного наследия, дальнейшего развития, контента, проекта, разработки, ресурса",,,0.0
Zakharkina_Mbogo_IMS,"проекта, проектов, drupal, реализации, творческих проектов, является, творческих, drupal является, позволяет, возможности",,,0.0
Adrova_IMS_2013,"алгоритм, алгоритм хеширование, хеширование, пароль, использовать, scrypt, число, соль, исследование, размер",,,0.0
Aksarin_IMS_2013,"новый, театр, новый сцена, открытие новый, интернет, театральный, сцена александринский, александринский театр, сеть интернет, сцена",,,0.0
Arzumanyan_IMS_2013,"концептуальный карта, концептуальный, онтология, карта, метод, информация, поиск, информации, арзуманян санкт-петербургский, санкт-петербургский государственный",,,0.0
Bershadskaya_IMS_2013,"электронный правительство, электронный, социальный, социальный медиа, правительство, услуга электронный, социальный сеть, обсуждение, портал, исследование",,,0.0
Bikkulov_IMS_2013,"подростковый самоубийство, самоубийство, социальный медиа, социальный, подростковый, социальный сеть, самоубийство среди, тысяча, суицид, подростковый суицид",,,0.0
Bogomolova_IMS_2013,"государственный управление, предметный область, социальный, государственный, управление, статистический, онтология, область, предметный, онтология предметный",,,0.0
Bogoraz_IMS_2013,"методика, тестирование, проникновение, тест, оценка, проведение тест, проведение, безопасности, уязвимость, должный",,,0.0
Bolgov_IMS_2013,"электронный демократия, электронный, электронный участие, механизм электронный, опрос, демократия, участие, развитие электронный, механизм, связь",,,0.0
Boyarsky_IMS_2013,"слово, анализ, класс, предложение, прилагательное, существительное, омонимия, случай, анализатор, предлог",,,0.0
Boykov_IMS_2013,"термин, тезаурус, примеры, поэтологии, поле, стих, отношение, тст, iii, отношение термин",,,0.0
Brodovskaya_IMS_2013,"политический субъектность, интернет, политический, россиянин, действие, пространство интернет, реализация политический, глобальный сети, субъектность россиянин, глобальный",,,0.0
Chirkin_IMS_2013,"извлечение данные, извлечение, страница, например, данные, сайт, проблема, извлекать, извлечение текст, информация",,,0.0
Chizhik_IMS_2013,"сеть интернет, мультимедийный продукт, сеть, продукт, являться, интернет, сайт, мультимедийный, рекламный, информация",,,0.0
Dyakova_IMS_2013,"электронный правительство, электронный, развитие электронный, правительство, индекс развитие, китайский, развитие, административный, китай, государственный",,,0.0
Evtushenko_IMS_2013,"система управления, система, должный, управление, архитектура должный, управления, функциональный, функциональный архитектура, процессно-проектный управление, управление должный",,,0.0
Gorelik_IMS_2013,"регистрация, паспорт, электронный регистрация, процедура регистрация, электронный, регистрация паспорт, процедура, пользователь, процедура электронный, паспорта",,,0.0
Grigorieva_IMS_2013,"социальный, пожилой, обучение пожилой, социальный исключение, общество, обучение, икт, возраст, социальный сеть, новый",,,0.0
Grigoryuk_IMS_2013,"данные, база данные, модель данные, модель, база, научный, управление данные, данных, объект, система",,,0.0
Ivanchenko_IMS_2013,"мобильный устройство, мобильный, устройство, преподаватель, студент, мобильный технология, использование мобильный, образовательный, среди преподаватель, учебный",,,0.0
Ivanko_IMS_2013,"признак, признак sdc, sdc, вектор, mfccs, задача идентификация, использовать, идентификация языка, результат, идентификация",,,0.0
Juk_IMS_2013,"социальный сеть, социальный, сеть, антипиратский закон, антипиратский, закон, анализ, информации, социальный сетях, информационный",,,0.0
Karbovskii_IMS_2013,"экстремальный ситуация, ммс, экстремальный, ситуация, пользователь, мобильный, решение, пользователь ммс, поддержка принятие, принятие решение",,,0.0
Karnup_IMS_2013,"сеть интернет, русский язык, язык, английский язык, сеть, русский, интернет, частота, общение, русскоязычный",,,0.0
Koltsova_IMS_2013,"количество, пост, количество пост, распределение, тема, блогер, тематический, комментарий, количество комментарий, активность",,,0.0
Kovalevsky_IMS_2013,"активный сейсмология, активный, научный, область активный, сейсмология, сейсмический, научный исследование, система, экспериментальный, информационный система",,,0.0
Lipuntsov_IMS_2013,"данные, модель данные, учебный план, модель, обмен данные, учебный, обмен, проект, данных, сущность",,,0.0
Lyapin_IMS_2013,"полнотекстовый, электронный, электронный библиотека, электронный полнотекстовый, поиск, библиотека, запрос, абзац, информационный, термин",,,0.0
Markarova_IMS_2013,"информационный, информация, образование, информационный общество, образовательный, библиотека, система, электронный, процесс, новый",,,0.0
Masloboev_IMS_2013,"безопасность, региональный безопасность, управление, управление безопасность, поддержка управление, управление региональный, информационный, задача управление, региональный, миас бвр",,,0.0
Mbogo_IMS_2013,"научный, информационный, система, электронный, информационный система, открытый доступ, открытый, позволять, исследование, электронный научный",,,0.0
Moiseichev_IMS_2013,"свободный лицензия, лицензия creative, creative commons, лицензия, свободный, применение свободный, creative, commons, открытый образовательный, открытый",,,0.0
Novolodskaya_IMS_2013,"пространство, сеть, свой, новый, становиться, социальный, текст, культура, процесс, информационный",,,0.0
Peskova_IMS_2013,"облачный, облако, сервис, технология, облачный технология, облачный сервис, безопасность, услуга, степень, данные",,,0.0
Pijavskij_IMS_2013,"фактографический информация, фактографический, лексема, информация, атом, кластер, фактографический поиск, таблица, поиск, уточнять лексема",,,0.0
Platonov_IMS_2013,"сайт, научный, ран, дво ран, официальный сайт, институт, анализ, ресурс, сайт научный, сайт институт",,,0.0
Prokudin_IMS_2013,"информационный система, информационный, информационный общество, государственный, электронный, система, концепция электронный, электронный государство, государственный услуга, формирование информационный",,,0.0
Ruzanova_IMS_2013,"республика карелия, республика, государственный, карелия, муниципальный услуга, предоставление государственный, электронный, власть республика, электронный правительство, муниципальный",,,0.0
Shubinskiy_IMS_2013,"сеть интернет, интернет, курс, ребёнок, сеть, список, учебный, система, чёрный список, информационный",,,0.0
Shustrova_IMS_2013,"театр, современный театр, новый, театральный, пространство, зритель, современный, технология, свой, виртуальный театр",,,0.0
Sidorova_IMS_2013,"сайт, орган, орган власть, сайт орган, официальный сайт, власть, региональный орган, информация, орган государственный, государственный",,,0.0
Solovjova_IMS_2013,"учебный материал, учебный, материал, преподаватель, должный, современный, создание учебный, мультимедийный учебный, преподаватель учебный, создание",,,0.0
Talbonen_IMS_2013,"коллекция, поиск, текстовый, комплекс, программный комплекс, коллекция изображение, программный, выполнять, изображение, различный",,,0.0
Tolstikova_IMS_2013,"социальный, социальный сеть, новый, информационный, коммуникация, межкультурный, социальный взаимодействие, форма социальный, социокультурный, являться",,,0.0
Trakhtenberg_IMS_2013,"услуга, электронный, портал государственный, государственный услуга, государственный, портал, муниципальный услуга, участник исследование, электронный услуга, участник",,,0.0
Voroshilov_IMS_2013,"студент, работа, фактографический, работа студент, фактографический информация, преподаватель, информация, этап, фактографический поиск, система",,,0.0
Yakushev_IMS_2013,"социальный сеть, связь, пользователь, социальный, признак, сеть, реальный, реальный мире, сети, знакомство пользователь",,,0.0
Zakharkina_IMS_2013,"проект, ресурс, информационный система, мультимедийный информационный, мультимедийный, реализация, контентный, представлять, развитие, контент",,,0.0
Zakharkina_Mbogo_IMS,"проект, творческий, являться, реализация, виртуальный, позволять, участник, программный, новый, участник проект",,,0.0
Adaskina_IMS_2014,,полуавтоматическое пополнение словарей; семантические классы; синтаксические связи; словари для предметных областей; анализ клиентских отзывов; машинное обучение; алгоритм svm; итеративный алгоритм; термины персонала; неразмеченные данные,,0.0
Adaskina_IMS_2014,"слов, релевантных слов, слова, алгоритма, семантических классов, связи, релевантных, пополнения, алгоритм, пополнения семантических",,,0.0
Akatkin_IMS_2014,"обмена информацией, информацией, обмена, моделей данных, данных, проблемы, россии, проблемы импортозамещения, моделей, информацией сша",,,0.0
Balakshina_IMS_2014,"российской федерации, федерального казначейства, федерации, российской, кредитными организациями, обмена, федерального, взаимодействия, казначейства, территории российской",,,0.0
Baranov_IMS_2014,"электронного правительства, ростовской области, развития электронного, развития, правительства, электронного, российской федерации, ростовской, услуг, области",,,0.0
Belinskaya_IMS_2014,,электронный каталог; оцифровка; фактографические базы данных; ирбис64; консервация документов; сохранность документов; мониторинг; биомониторинг; анализ данных,,0.0
Belinskaya_IMS_2014,"бан, академии наук, российской академии, академии, наук, российской, системы бан, ран, фонд бан, сайте бан",,,0.0
Belova_IMS_2014,"нижегородской области, гражданин нижегородской, нижегородской, электронный гражданин, компьютерной грамотности, правительство нижегородской, области, электронный, сети интернет, проекта",,,0.0
Bogoraz_IMS_2014,,социальные сети; распределенные социальные сети; децентрализованные социальные сети; анализ; безопасность; персональные данные; приватность,,0.0
Bogoraz_IMS_2014,"социальные сети, социальной сети, сети, социальных сетей, социальных сетях, социальных, социальная сеть, пользователя, социальные, социальной",,,0.0
Borisov_IMS_2014,"александринского театра, новой сцене, новой, сцене александринского, театра, александринского, axis, театральных, wowza streaming, интернет",,,0.0
Borisov_Shustrova_IMS,"театр, театра, современный театр, интернет, разных, спектакля, театральной жизни, жизни, современного театра, помощью",,,0.0
Borisov_Zakharkina_IMS,"новой сцены, трансляции, новой, плеер, портал новой, возможность, введение старейший, сцены, портале, портала",,,0.0
Brodovskaya_IMS_2014,,самообразование; кибернетический анализ; россия; великие книги; эффективность; россия; язык; социальные медиа; контент-анализ; сообщения,,0.0
Brodovskaya_IMS_2014,"школа великих, великих книг, книг, великих, школа, исследования, участников, клубе, сообщений, участников исследования",,,0.0
Brodovskaya_Karzubov_IMS,"интернета, развития интернета, развития, развития икт, икт, уровень развития, проникновения интернета, интернет-коммуникации, политических систем, политических",,,0.0
Brodovskaya_Siniakov_IMS,"ценностных ориентаций, молодежи, сети интернет, интернет, ценностных, интернета, исследования, ценностные, жизни, среди",,,0.0
Chizhik_IMS_2014,,медиа; медиакоммуникация; традиционные сми; интернет-сми; twitter-аудитория; пост; сетевой анализ; гражданская журналистика; информеры; агрегатов; социальные сети,,0.0
Chizhik_IMS_2014,"сми, массовой информации, информации, сети интернет, традиционных сми, читательской аудитории, аудитории, сети, аудитории сми, интернет",,,0.0
Chugunov_IMS_2014,"электронного правительства, новостных сообщений, тематического моделирования, правительства, электронного, сми, электронных услуг, услуг, анализа, сообщений",,,0.0
Danilina_IMS_2014,,авторское право; учебник; книга для чтения,,0.0
Danilina_IMS_2014,"произведения, правовые положения, правовые, автора, авторских текстов, целях, согласия автора, положения, учебных целях, учебных",,,0.0
Dmitrieva_IMS_2014,"исполнительной власти, органов исполнительной, открытости, власти, органов, органов власти, открытости органов, исполнительной, оценки открытости, федеральных органов",,,0.0
Dyakova_IMS_2014,"коррупцией, борьбы, локальная административная, административная традиция, власти, ран ссылки, органов власти, управления, электронного правительства, государственного управления",,,0.0
Filchenkov_IMS_2014,,прогнозирование исходов выборов; прогнозирование протестов; цифровые следы; анализ социальных медиа,,0.0
Filchenkov_IMS_2014,"социальных медиа, социальных, выборов, предсказания, медиа, протестов, результатов выборов, задача предсказания, является, протесты",,,0.0
Filippova_IMS_2014,"массовой коммуникации, сми, россии, бразилии, коммуникации, общества, массовой, сми россии, аудитории сми, развития",,,0.0
Grigoryeva_IMS_2014,"пожилых икт, пожилых людей, пожилых, икт, людей, возраста, назначения пенсии, университет итмо, работы, назначения",,,0.0
Grokhovskiy_IMS_2014,,лексическая база; корпус тибетских грамматических сочинений; параллельный тибетско-русский корпус; тибетская грамматическая терминология; специальная терминологическая разметка; базовый грамматический термин; фонологический термин; синонимия; гипонимия,,0.0
Grokhovskiy_IMS_2014,"юникоде длиной, тип, тибетской грамматической, строка, тэг, юникоде, грамматической терминологии, tei, грамматической, данных",,,0.0
IMS2014_conv,"сети интернет, российской федерации, the, раздел, интернет, электронного правительства, дата обращения, россии, данных, url",,,0.0
Kalinichenko_IMS_2014,"социально-экономического развития, развития региона, развития, государственной власти, органов государственной, прогнозирования, иао, региона, власти санкт-петербурга, санкт-петербурга",,,0.0
Kanygin_IMS_2014,,управление знанием; социальное знание; актор; связность знания; визуализация информации; структура знания; компилируемые структуры; графы,,0.0
Kanygin_IMS_2014,"знания, помощью, например, структуры, виде, пользователя, предопределенной структуры, представления, визуализации, управления",,,0.0
Kapterev_IMS_2014,"тестирования, тестов, системы, профориентации, профессионального, профессии, профессий, личности, базы, результатов",,,0.0
Kazakov_IMS_2014,,социальная сеть; сетевой сервис; многоагентная система,,0.0
Kazakov_IMS_2014,"социальных сетей, социальных, социальных сетевых, социальные сети, социальной сети, интернет, реальных социальных, социальных интернет, социальные, сервисов",,,0.0
Kolodin_IMS_2014,"системы, опросов, проведения опросов, отчётов, данных, работы, отчёт, результаты, сервиса, российской академии",,,0.0
Koltsov_IMS_2014,,автоматическая обработка текстов; корпуса текстов; социальные сети; живой журнал; тематическая модель; латентное размещение дирихле; семантические связи; русский язык,,0.0
Koltsov_IMS_2014,"тематического моделирования, текстов, корпуса текстов, темы, слов, живого журнала, слова, моделирования, корпуса, тематического",,,0.0
Koshcheeva_IMS_2014,,корпусы; коллокации; устойчивые словосочетания; статистические методы; автоматическое выделение коллокаций; меры ассоциации; корпусная лингвистика; компьютерная лингвистика; глагольно-именные словосочетания; сочетаемость,,0.0
Koshcheeva_IMS_2014,"выполнять, словосочетаний, глагольно-именных словосочетаний, глагола выполнять, устойчивых словосочетаний, выделения, глагола, частеречной принадлежности, глагольно-именных, коллоката",,,0.0
Kudinov_IMS_2014,"электронного участия, красивый петербург, электронного, участия, граждан, механизмов электронного, мобильных, аис, красивый, мобильных технологий",,,0.0
Kulik_IMS_2014,"общества, демократии, власти, сша, правления, граждан, партийной демократии, партии, сетевого общества, государства",,,0.0
Kuzmina_IMS_2014,"учебном процессе, обучения, образовательной деятельности, процессе, дистанционного обучения, деятельности, информационных технологий, икт, технологий, является",,,0.0
Lavrentyev_IMS_2014,"учебного процесса, blended learning, смешанного обучения, обучения, учебного, процесса, blended, учебного курса, learning, организации учебного",,,0.0
Lizunova_IMS_2014,"пространство, информационное пространство, медиапространства, медиа, информации, информационного общества, информационное, массовой информации, социальное пространство, информационного",,,0.0
Lyapin_IMS_2014,"полнотекстового поиска, поиска, полнотекстового, полнотекстового запроса, t-libra, запроса, одиночество, рамках, распределенной среды, университет итмо",,,0.0
Makarov_IMS_2014,,проектирование пространства; проектная деятельность; инновации; информационные системы; радиочастотная идентификация; открытая библиотека; модернизация библиотеки; мультимедийная электронная библиотека; защита авторских прав; электронные ресурсы,,0.0
Makarov_IMS_2014,"библиотеки, пгниу, университета, библиотека, сушин пермский, высшем образовании, библиотеке пгниу, вуза, пермского университета, библиотека пермского",,,0.0
Mbogo_IMS_2014,,информатизация научной деятельности; цифровые коллекции; интеграция научной информации; информационно-коммуникационные технологии в научных исследованиях,,0.0
Mbogo_IMS_2014,"open archives, archives initiative, научных, open, open journal, journal system, научной, современное общество, статей, интернет",,,0.0
Noskov_IMS_2014,"лекции, видео, моок, лекций, щеглов новосибирский, мультимедиа лекций, например, мл-студии, демонстрационного ряда, типов",,,0.0
Peskova_IMS_2014,"электронного голосования, голосования, электронного, избирателей, выборов, избиратель, дистанционного электронного, система, систем голосования, интернет",,,0.0
Pimenov_IMS_2014,,создание; интернет-ресурс; веблиография; путеводитель; предметный путеводитель; консервация документов; сохранность документов; бан; библиотека академии наук; комплектование; запросы; подготовка запросов; программное обеспечение; plone,,0.0
Pimenov_IMS_2014,"путеводителя, информации, environment control, рубрик, conservation, ссылок, документов, консервации документов, поиска, тематических рубрик",,,0.0
Prokudin_IMS_2014,,информатизация научной деятельности; информационная система; проектирование; информационно-коммуникационные технологии в научных исследованиях,,0.0
Prokudin_IMS_2014,"научных исследований, научной деятельности, научных, научной, поддержки научных, деятельности, системы, пользователей, исследований, информационной системы",,,0.0
Ryabchenko_IMS_2014,,online-социальные сети; online-пространство; лидеры мнений; сенсоры; реализаторы; читатели; репутационные игроки; интернет; политический конденсат,,0.0
Ryabchenko_IMS_2014,"web, сети, интернет, online-социальных сетей, публичной политики, пользователей, связи, лидеры мнений, сообщества, пространства",,,0.0
Serebriakov_IMS_2014,,онтология; связанные данные; открытые данные; теплофизические свойства; интеграция данных; базы данных; неопределенность данных; вещества; материалы,,0.0
Serebriakov_IMS_2014,"предметной области, linked open, данных, lod, предметной, области, пространстве lod, qudt, онтологии, rdf",,,0.0
Smirnov_IMS_2014,,распознавание образов; обработка архивных документов; оптическое распознавание; корректировка ошибок распознавания; архитектура системы; компонентная модель; алгоритм; метод; информационный поиск; массовое распознавание,,0.0
Smirnov_IMS_2014,"распознавания, результатов распознавания, результатов, системы, документов, ocr, ошибок распознавания, оптического распознавания, ocr системы, ошибок",,,0.0
Smorgunov_IMS_2014,"научение, сетевое научение, организации, научения, организационное научение, электронное правительство, электронного правительства, сетевого научения, правительства, сети",,,0.0
Soms_IMS_2014,,автоматическая обработка текстов; мониторинг сми; морфологический анализ; автоматическая класси-фикация текстов; кластерный анализ; проблем ложной корреляции; проблемы неоднозначности языковых единиц; тематическая атрибуция текстов,,0.0
Soms_IMS_2014,"показателей охвата, охвата, публикаций, охвата аудитории, показатели охвата, публикации, ключевых слов, охвата публикаций, новых публикаций, показателей",,,0.0
Tarumova_IMS_2014,"московского университета, российской печати, музей российской, печати, виртуальный музей, московского, московские ведомости, истории, периодических изданий, университета",,,0.0
Trakhtenberg_IMS_2014,"информационных технологий, информационных систем, медицинских информационных, медицинских, информационных, систем, здравоохранения, медицинских систем, технологий, медицинских учреждений",,,0.0
Vidyasova_IMS_2014,"открытых данных, данных, открытых, российской федерации, россии, государственных данных, открытых государственных, открытого правительства, власти, российской",,,0.0
Vozmishcheva_IMS_2014,"английском языке, обучения, студентов, билингвистического обучения, английском, математики, высшей математики, студента, русском, языке",,,0.0
Vtiurina_IMS_2014,"государственных услуг, электронного правительства, единого портала, портала государственных, услуг, электронных услуг, портала, государственных, электронного, правительства",,,0.0
Yatsenko_IMS_2014,"данных, атомной спектроскопии, спектральных данных, диаграмм гротриана, систем, спектроскопии, эса, атомной, электронная структура, атомов",,,0.0
Zakharov_IMS_2014,,выделение терминологии; корпусы текстов; терминологические словосочетания; коллокации; коллокаты; специальные тексты; меры ассоциации; синтагматическая связь; сочетаемость; система sketch engine; биграммы; структурные схемы номинативных конструкций,,0.0
Zakharov_IMS_2014,"мер ассоциации, мер, словарь, ассоциации, основе, меры, основе мер, sketch engine, различных мер, основе различных",,,0.0
Zalesskaya_IMS_2014,,коллокация; выявление коллокаций; меры ассоциации; статистические методы; автоматический анализ; программное обеспечение; обработка естественного языка; русский язык; сочетаемость слов; многословное выражение,,0.0
Zalesskaya_IMS_2014,"ключевого слова, мер ассоциации, коллокаций, выявления коллокаций, ассоциации, слова, сочетаний, встречаемости ключевого, тексте, мер",,,0.0
Adaskina_IMS_2014,"слово, слов, алгоритм, семантический, семантический класс, релевантный слово, пополнение семантический, результат, релевантный, класс",,,0.0
Akatkin_IMS_2014,"обмен информация, обмен, модель данные, информация, модель, обмен информацией, международный обмен, модель обмен, проблема, данные",,,0.0
Balakshina_IMS_2014,"российский федерация, кредитный организация, российский, обмен, система, кредитный, федеральный, взаимодействие, электронный, федеральный казначейство",,,0.0
Baranov_IMS_2014,"электронный правительство, электронный, развитие электронный, развитие, информационный, правительство, государственный, уровень развитие, информационный система, уровень",,,0.0
Belinskaya_IMS_2014,"бан, библиотека, академия наука, отдел, работа, российский академия, издание, академия, наука, российский",,,0.0
Belova_IMS_2014,"нижегородский области, электронный гражданин, гражданин нижегородский, нижегородский, социальный сеть, сеть интернет, проект, электронный, сеть, социальный",,,0.0
Bogoraz_IMS_2014,"социальный сеть, социальный, сеть, пользователь, распределённый социальный, информация, социальный сетях, социальный сетей, сети, свой",,,0.0
Borisov_IMS_2014,"новый сцена, театральный, александринский театр, театр, система, программно-аппаратный комплекс, новый, современный театр, сцена александринский, сцена",,,0.0
Borisov_Shustrova_IMS,"театр, современный театр, театральный, спектакль, современный, свой, зритель, пространство, разный, создать",,,0.0
Borisov_Zakharkina_IMS,"новый сцена, портал, новый, трансляция, александринский театр, российский государственный, плеер, портал новый, многопотоковый, возможность",,,0.0
Brodovskaya_IMS_2014,"великий книг, школа великий, книг, школа, великий, участник, клуб, участник исследование, информальный самообразование, сообщение",,,0.0
Brodovskaya_Karzubov_IMS,"политический, развитие, интернет, политический режим, уровень развитие, уровень, политический системы, развитие интернет, развитие икт, развитие политический",,,0.0
Brodovskaya_Siniakov_IMS,"ценностный ориентация, ценностный, ориентация, интернет, ценность, ценностный стереотип, интенсивность, исследование, являться, интенсивность использование",,,0.0
Chizhik_IMS_2014,"сми, аудитория, новый, информационный, традиционный сми, читательский аудитория, новый медиа, являться, средство массовый, социальный сеть",,,0.0
Chugunov_IMS_2014,"электронный, электронный правительство, новостной сообщение, тематический, тематический моделирование, сообщение, повестка дня, электронный государственный, слово, новостной",,,0.0
Danilina_IMS_2014,"произведение, правовой, авторский текст, правовой норма, правовой положение, учебный, авторский, цель, текст, автор",,,0.0
Dmitrieva_IMS_2014,"орган исполнительный, орган, исполнительный власть, федеральный орган, открытость, оценка, исполнительный, оценка открытость, открытость орган, орган власти",,,0.0
Dyakova_IMS_2014,"борьба, китайский, административный, коррупция, электронный правительство, административный традиция, международный валютный, информационный технология, электронный, власть",,,0.0
Filchenkov_IMS_2014,"социальный медиа, социальный, протест, задача, задача предсказание, выборы, предсказание, медиа, социальный сеть, прогнозирование",,,0.0
Filippova_IMS_2014,"массовый коммуникация, массовый, сми, процесс массовый, уровень, россия, развитие, коммуникация, процесс, информационный",,,0.0
Grigoryeva_IMS_2014,"пожилой, пожилой икт, обучение пожилой, университет итмый, возраст, старение, икт, работать, работа, биккулов санкт-петербургский",,,0.0
Grokhovskiy_IMS_2014,"тибетский грамматический, грамматический, тибетский, тип, тэг, юникод длина, грамматический терминология, строка, база, юникод",,,0.0
Kalinichenko_IMS_2014,"прогнозирование, социально-экономический развитие, развитие, орган государственный, иса иао, государственный, государственный власть, развитие регион, социально-экономический, орган",,,0.0
Kanygin_IMS_2014,"знание, пользователь, визуализация, свой, представление, например, помощь, вид, социальный, структура",,,0.0
Kapterev_IMS_2014,"профессиональный, система, тест, уровень, работа, тестирование, профессия, выбор, результат, профориентация",,,0.0
Kazakov_IMS_2014,"социальный, социальный сеть, социальный сетевой, реальный социальный, сетевой сервис, социальный сетей, сервис, современный социальный, субъект социальный, сеть",,,0.0
Kolodin_IMS_2014,"участник, система, работа, результат, отчёт, опрос, тестирование, анкетирование, опрашивание, позволять",,,0.0
Koltsov_IMS_2014,"слово, тематический моделирование, тематический, корпус текстов, корпус, модель, текст, тематический модель, тема, корпус текст",,,0.0
Koshcheeva_IMS_2014,"выполнять, выделение, глагол выполнять, словосочетание, глагольно-именной словосочетание, глагол, учёт, выделение глагольно-именной, коллокат, контекст",,,0.0
Kudinov_IMS_2014,"электронный участие, электронный, механизм электронный, мобильный, гражданин, участие, обращение, механизм, красивый петербург, мобильный технология",,,0.0
Kulik_IMS_2014,"общество, политический, демократия, гражданин, социальный, государство, партия, власть, открытый правительство, правительство",,,0.0
Kuzmina_IMS_2014,"учебный, учебный процесс, образовательный, система, применение, информационный технология, современный, процесс, студент, применение икт",,,0.0
Lavrentyev_IMS_2014,"учебный, учебный процесс, blended learning, учебный курс, преподаватель, национальный исследовательский, смешанный обучения, обучения, студент, смешанный",,,0.0
Lizunova_IMS_2014,"информационный пространство, пространство, информационный, медиапространство, социальный пространство, социальный, медиа, информационный общество, средство, медийный пространство",,,0.0
Lyapin_IMS_2014,"полнотекстовый поиск, поиск, полнотекстовый, распределённый, распределённый полнотекстовый, термин, запрос, одиночество, распределённый среда, сервис полнотекстовый",,,0.0
Makarov_IMS_2014,"библиотека, электронный, электронный библиотека, библиотека пгниу, фонд, научный, сотрудник библиотека, научный библиотека, библиотечный, пространство",,,0.0
Mbogo_IMS_2014,"научный, электронный, научный электронный, система, электронный библиотека, информационный, open, информационный система, публикация, современный общество",,,0.0
Noskov_IMS_2014,"лекция, демонстрационный, демонстрационный объект, система, видео, учебный, демонстрационный ряд, мультимедиа лекция, учебный демонстрационный, видеолекция",,,0.0
Peskova_IMS_2014,"электронный голосование, голосование, электронный, система, избиратель, система электронный, голос, выборы, дистанционный электронный, избирательный",,,0.0
Pimenov_IMS_2014,"путеводитель, ссылка, рубрика, информация, запрос, тематический рубрика, поиск, подготовка запрос, комплектование путеводитель, тематический",,,0.0
Prokudin_IMS_2014,"научный, система, поддержка научный, научный деятельность, информационный система, научный исследование, сервис, являться, возможность, система поддержка",,,0.0
Ryabchenko_IMS_2014,"online-социальный сеть, политический, сеть, online-сетевой сообщество, online-социальный, online-пространство, пользователь, социальный, являться, online-сетевой",,,0.0
Serebriakov_IMS_2014,"данные, предметный области, онтология, свойство, предметный, набор, единица измерения, вещество, набор данные, класс",,,0.0
Smirnov_IMS_2014,"результат, результат распознавание, распознавание, система, корректировка, государственный архив, документ, ошибка, государственный, текст",,,0.0
Smorgunov_IMS_2014,"научение, электронный правительство, сетевой, сетевой научение, электронный, правительство, организация, организационный научение, организационный, сетевой структура",,,0.0
Soms_IMS_2014,"показатель охват, показатель, охват, публикация, ключевой слово, охват публикация, система, система мониторинг, публикаций, инфоресурс",,,0.0
Tarumova_IMS_2014,"московский университет, московский, периодический издание, издание, журнал, российский печати, музей российский, российский, периодический, страница",,,0.0
Trakhtenberg_IMS_2014,"медицинский информационный, медицинский, информационный технология, информационный, информационный система, система, технология, сотрудник, медицинский учреждение, адаптация информационный",,,0.0
Vidyasova_IMS_2014,"открытый данные, открытый, открытый государственный, данные, государственный, государственный данные, открытый правительство, данных, портал открытый, орган государственный",,,0.0
Vozmishcheva_IMS_2014,"студент, обучение, информационный, билингвистический обучение, английский, математика, билингвистический, английский языке, материал, высокий математика",,,0.0
Vtiurina_IMS_2014,"электронный, портал государственный, единый портал, электронный правительства, государственный услуга, портал, государственный, развитие электронный, электронный государственный, услуга",,,0.0
Yatsenko_IMS_2014,"информационный система, система, база данные, данные, атомный, информационный, база, электронный структура, спектральный, структура атомов",,,0.0
Zakharov_IMS_2014,"мера, слово, частота, терминологический, мера ассоциация, словарь, коллокат, корпус, частота совместный, текст",,,0.0
Zalesskaya_IMS_2014,"ключевой слово, слово, мера, сочетание, коллокат, мера ассоциация, ключевой, программа, частота ключевой, выявление коллокация",,,0.0
Adaskina_IMS_2015,,"классификация; машинное обучение; обучение с
частичным привлечением учителя.",,0.0
Adaskina_IMS_2015,"документов, классификации, выборки, параметров, просмотренных документов, задачи классификации, классификации текстов, связи, полноты, синтаксические связи",,,0.0
Alexeeva_IMS_2015,,"словарь тональной лексики, веб-интерфейс, краудсорсинг тональной разметки, российская блогосфера, «живой
журнал», размеченная коллекция, тематическое моделирование",,0.0
Alexeeva_IMS_2015,"слов, словаря, текстов, вероятностных слов, документов, окрашенных слов, слова, социально-политической, словарь, коллекции",,,0.0
Artemova_IMS_2015,,"онтологии, парсинг, семантический классификатор",,0.0
Artemova_IMS_2015,"паруса, латинские паруса, российской федерации, университет итмо, предметной области, слова, текстов, таким образом, латинские, терминов",,,0.0
Belkin_IMS_2015,,"семантическая сеть; область знаний; пространство
знаний, порождающий принцип; предметное знание; профессиональное
знание; когнитивная структура.",,0.0
Belkin_IMS_2015,"области знаний, знаний, области, историческая демография, сети, элементарных знаний, историческая, сети области, предметной области, сетей",,,0.0
Boyarsky_IMS_2015,,"анализ предложения, обороты, словосочетания, части речи",,0.0
Boyarsky_IMS_2015,"следует сущ, сущ, стоит сущ, словосочетанием следует, прил, предлог, словосочетания стоит, словосочетанием, следует, стоит",,,0.0
Erkimbaev_IMS_2015,,"онтология; наноматериалы; нано-объекты; иерархия
классов; информационная модель.",,0.0
Erkimbaev_IMS_2015,"uds, онтологии, классов, свойств, рис, например, наноматериалов, области, chebi, описания",,,0.0
IMS2015_conv,"компьютерная лингвистика, вычислительные онтологии, области знаний, онтологии, компьютерная, знаний, лингвистика, the, ран, вычислительные",,,0.0
Kanygin_IMS_2015,,"контекстно-ориентированная онтология, документооборот.",,0.0
Kanygin_IMS_2015,"ран, рид ран, асу рид, знания, доктор наук, фано, житель города, наук, рид, асу",,,0.0
Leontyeva_IMS_2015,,"онтология; информационная и лингвистическая
модели; область семантики; текстовые концепты; индивидуальные
знания.",,0.0
Leontyeva_IMS_2015,"текста, онтологии, системы апт, апт, знаний, понимания текста, системы, онтологии знаний, понимания, текстов",,,0.0
Pevzner_IMS_2015,,"информационные потоки; новостные потоки;
новостные веб-сайты; адресная реклама; информационный профиль.",,0.0
Pevzner_IMS_2015,"потока, валерия рубашкина, светлой памяти, памяти моего, моего друга, дружественного оппонента, оппонента валерия, web sites, сообщения, пользователя",,,0.0
Pronoza_IMS_2015,,"анализ тональности; отзывы о ресторанах; машинное
обучение; рекомендательная система.",,0.0
Pronoza_IMS_2015,"анализа тональности, отзывов, признаков, анализа, аспектов, корпуса, корпуса отзывов, тональности отзывов, данной работе, анализа корпуса",,,0.0
Salin_IMS_2015,,"гипертекстовая
структура;
семантическая кластеризация; конечный автомат; граф; веб-аналитика",,0.0
Salin_IMS_2015,"семантической кластеризации, кластеризации, гипертекстовой структуры, семантической, переходов, статистики переходов, гипертекстовой, кластеризации гипертекстовой, структуры, метод семантической",,,0.0
Zakharov_IMS_2015,,"количественные методы в лингвистике; большие
данные; корпусы текстов; устойчивые словосочетания; меры
ассоциации; диахронические исследования.",,0.0
Zakharov_IMS_2015,"данных, русского языка, языка, больших, нкря, google books, корпусов, данные, сочетаний, больших корпусов",,,0.0
Adaskina_IMS_2015,"классификация, документ, документов, метод, задача, синтаксический, шаг, задача классификация, параметр, алгоритм",,,0.0
Alexeeva_IMS_2015,"слово, словарь, текст, социально-политический, текст социально-политический, коллекция, список, слов, тональный, тональный словарь",,,0.0
Artemova_IMS_2015,"парус, построение онтология, слово, предметный, онтология, прямой, текст, предметный область, паруса, являться",,,0.0
Belkin_IMS_2015,"область знание, знание, область, знаний, семантический, сеть, семантический сеть, сеть область, модель область, класс",,,0.0
Boyarsky_IMS_2015,"следовать сущ, словосочетание следовать, сущ, словосочетание стоить, словосочетание, предлог, стоить сущ, прил, предложный оборот, оборот",,,0.0
Erkimbaev_IMS_2015,"онтология, класс, uds, рис, наноматериал, тип, например, определять, свойство, описание",,,0.0
Kanygin_IMS_2015,"ран, знание, рид ран, сотрудник, объект, социальный, фано, онтология, артефакт, компетентность",,,0.0
Leontyeva_IMS_2015,"система, система апт, текст, онтология, анализ текст, анализ, текста, лингвистический система, апт, информационный система",,,0.0
Pevzner_IMS_2015,"сообщение, поток, пользователь, певзнер mtpl.boris, алгоритм, web sites, gmail.com светлый, валерий рубашкин, светлый память, дружественный оппонент",,,0.0
Pronoza_IMS_2015,"словарь, аспект, анализ, работа, признак, отзыв, задача, дать работа, корпус, метод",,,0.0
Salin_IMS_2015,"семантический кластеризация, кластеризация, семантический, гипертекстовый, статистика переход, метод, метод семантический, модель, гипертекстовый структура, кластеризация гипертекстовый",,,0.0
Zakharov_IMS_2015,"корпус, корпус русский, больший, корпусный, русский язык, данных, корпусный лингвистика, сочетание, словарь, частота",,,0.0
KW keybert,"автоматический, информации, английской, источники, исследовательский, словосочетаний, исторические, математический, восстановлении, окончания",,,0.0
RuTermExtract_keywords,"лексические обороты, особые обороты, автоматический разбор, особые словосочетание, предложные обороты, вводные обороты, омонимичные обороты, прочие обороты, предикативные обороты, наречные обороты",,,0.0
Azarova_IMS_2016,,"лексическая статистика, тезаурус, лингвистическая
онтология, wordnet, интеграция словарных данных.",,0.0
Azarova_IMS_2016,"pwn, русского языка, языка, yarn, ресурсов, тыс, данных, russnet, тезаурус, проекта",,,0.0
Godgildieva_IMS_2016,,"валентность, словарь валентностей, русский язык, verbalex.",,0.0
Godgildieva_IMS_2016,"русского языка, языка, verbalex, русского, глагола, чешского языка, словаря, словаря валентностей, валентности, семантических ролей",,,0.0
IMS2016_conv,"компьютерная лингвистика, русского языка, вычислительные онтологии, компьютерная, языка, лингвистика, вычислительные, русского, онтологии, текстов",,,0.0
Khokhlova_IMS_2016,,"корпусы текстов, интернет-корпусы, rutenten, russianweb корпус, большие данные.",,0.0
Khokhlova_IMS_2016,"русского языка, araneum russicum, млн слов, русского, текстов, корпус, языка, слов, корпуса, тексты",,,0.0
Masevich_IMS_2016,,"google books ngram viewer, диахронические
исследования, частотные характеристики, культурометрия.",,0.0
Masevich_IMS_2016,"ngram viewer, google books, частотного поведения, books ngram, лексических единиц, google, русского языка, текстов, войны, исследования",,,0.0
Moskvina_IMS_2016,,"автоматическая обработка текстов, синтаксический
анализатор, русский язык, nltk.",,0.0
Moskvina_IMS_2016,"number, case, gender, nltk, pers, правила, синтаксического, грамматики, например, предложения",,,0.0
Pivovarova_IMS_2016,,"переводная терминология, параллельные корпусы
текстов, термины-кандидаты, переводной терминологический словарь, морфосинтаксические шаблоны, автоматическое выделение терминов",,0.0
Pivovarova_IMS_2016,"adj, корпуса текстов, текстов, переводных, корпуса, данного исследования, терминов-кандидатов, терминологических, термины, выделения",,,0.0
Popov_IMS_2016,,"синтаксический анализ, структуры составляющих, структуры
зависимостей, взвешенное
дерево, лексическая
сочетаемость, алгоритм cyk.",,0.0
Popov_IMS_2016,"синтаксического анализа, синтаксической связи, структуры, анализа, cyk, вес, алгоритм cyk, составляющих, синтаксических связей, синтаксического",,,0.0
Azarova_IMS_2016,"тезаурус, автоматический, русский, тезаурус русский, тыс, язык, pwn, ресурс, русский язык, russnet",,,0.0
Godgildieva_IMS_2016,"валентность, семантический, семантический роль, русский язык, глагол, рамка валентность, русский, словарь, словарь валентность, роль",,,0.0
Khokhlova_IMS_2016,"корпус, текст, русский, русский языка, слов, млн слов, корпус русский, хохлов санкт-петербургский, появиться относительно, являться",,,0.0
Masevich_IMS_2016,"частотный поведение, частотный, текст, поведение, санкт-петербургский государственный, кривая, число, график частотный, русский язык, книга",,,0.0
Moskvina_IMS_2016,"синтаксический, number, case, синтаксический анализатор, gender, правило, грамматика, синтаксический анализ, категориальный грамматика, группа",,,0.0
Pivovarova_IMS_2016,"переводный, терминологический, корпус текст, корпус, adj, язык, термин-кандидат, выделение, термин, данный исследование",,,0.0
Popov_IMS_2016,"синтаксический, синтаксический анализ, структура, составлять, вес синтаксический, выбор, критерий, вес, синтаксический связи, анализ",,,0.0
Blinova_IMS_2017,,"русский язык, веб-корпус, rutenten, параметры поиска, семантика, частные значения числа, имена собственные, пейоративное множественное, сочетаемость, кванторные
слова, отрицательное мнение о людях, анализ тональности.",,0.0
Blinova_IMS_2017,"типа, pl.pej, именных групп, форм, множественного пейоративного, формы, сидоровых, множественного, групп, форм pl.pej",,,0.0
Boyarsky_IMS_2017,,"анализ предложения, словосочетания, лексические обороты, морфологический анализ, части речи, леммы, семантические классы.",,0.0
Boyarsky_IMS_2017,"словосочетание, ближайшем контексте, предлога, следует слово, сочетанием предлога, слово, является словосочетание, контексте, ним следует, наречные обороты",,,0.0
Dubovik_IMS_2017,,"стиль, классификация, корпусная лингвистика, стилеметрия, типология.",,0.0
Dubovik_IMS_2017,"текстов, стиля, стилей, тексты, стиль, делового стиля, значение, существительное, текста, текстах",,,0.0
Goryunova_IMS_2017,,"онтологии, предметные области, моделирование, классы, атрибуты, запросы, словари",,0.0
Goryunova_IMS_2017,"предметной области, предметной, специализированной предметной, области, языка uml, онтологий, использование языка, связана, модели предметной, классификации онтологий",,,0.0
Khokhlova_IMS_2017,,"статистический
аппарат, ассоциации, биграммы, mi, ll, mi3, ms, t-score меры",,0.0
Khokhlova_IMS_2017,"мера, биграмм, меры, мер, сочетаний, результаты, количество, данная мера, количество сочетаний, наибольшее количество",,,0.0
Kislov_IMS_2017,,"китайский язык, интернет-язык, языковая
игра, новые иероглифы.",,0.0
Kislov_IMS_2017,"вместо, китайском языке, букв, китайского языка, языка, китайском, языке, китае, иероглифов, китайского",,,0.0
Kriukova_IMS_2017,,"семантическая близость, метрики
семантической близости, dkpro similarity, машинное
обучение, компьютерная лингвистика",,0.0
Kriukova_IMS_2017,"близости текстов, текстов, семантической близости, близости, метрик близости, dkpro similarity, similarity, семантической, оценки, метрик",,,0.0
Kurochkina_IMS_2017,,"корпуса, извлечение коллокаций, меры ассоциации",,0.0
Kurochkina_IMS_2017,"коллокаций, коллокации, устойчивых словосочетаний, слова, словарях, кандидаты, база, золотого стандарта, извлечения коллокаций, словосочетания",,,0.0
Martynenko_IMS_2017,,"частотные словари, повседневная
разговорная
речь, статистическая
состоятельность, статистические шкалы, выборка, динамические ряды, ранговое распределение, равномерное распределение",,0.0
Martynenko_IMS_2017,"порядковых статистик, частотных словарей, объема выборки, объема, статистик, частотных, статистики, порядковых, словарей, выборки",,,0.0
Masevich_IMS_2017,,"корпусы текстов, диахронические исследования, частотность
лексических единиц, модели частотного поведения, семантическое поле.",,0.0
Masevich_IMS_2017,"аплодисменты, google books, продолжительные аплодисменты, бурные аплодисменты, видно, санкт-петербургский государственный, сталинские, частотного поведения, период, временной период",,,0.0
Ogay_IMS_2017,,"лексикография, визуализация, моделирование, трехмерный, биология, частотный словарь, диаграмма",,0.0
Ogay_IMS_2017,"моделирование словарей, словарей описаний, языковой информации, описаний докембрийских, частотных словарей, вяи, информации, словарей, частотные словари, информации важной",,,0.0
Popova_IMS_2017,,"устная речь, редупликация, прагматика, аппроксимация",,0.0
Popova_IMS_2017,"устной речи, речи, единиц, единицы, такой-сякой, таким образом, единицы такой-сякой, беседа, эхо москвы, коллекции нкря",,,0.0
Popov_IMS_2017,,"критерий аномальности, статистический анализ, синтаксические связи, анализ
коллокаций.",,0.0
Popov_IMS_2017,"черные лебеди, слов, задача, связей, текста, анализа, документов, аномалий, текстов, корпуса",,,0.0
Sedova_IMS_2017,,"тематическое моделирование, lda, биграммы",,0.0
Sedova_IMS_2017,"текстов, слов, корпуса текстов, биграмм, модели, корпуса, алгоритма, модель, тематической модели, слова",,,0.0
Smirnova_IMS_2017,,"лексическая база данных, тибетский
корпус, тибетские композиты-существительные, тибетская
языковая картина мира",,0.0
Smirnova_IMS_2017,"базе данных, лексической базе, данных, тибетском языке, лексической, базе, например, языке, композитов, тибетском",,,0.0
Sokolova_IMS_2017,,"автоматическое выделение ключевых
слов и словосочетаний, rake, русскоязычные корпусы
текстов.",,0.0
Sokolova_IMS_2017,"ключевых слов, слов, kea, слова, ключевые слова, словосочетания, ключевых, работы, алгоритма kea, работы kea",,,0.0
Temirova_IMS_2017,,"корпусная лингвистика, корпус, языковая семья.",,0.0
Temirova_IMS_2017,"мгу имени, абусупьяна акаева, языковая семья, корпус, имени абусупьяна, корпус имени, полилингвальный корпус, национальный полилингвальный, москва несмотря, корпуса",,,0.0
Zaides_IMS_2017,,"корпусная лингвистика; устная речь;
метакоммуникация;
метакоммуникативные
единицы;
монологическая речь.",,0.0
Zaides_IMS_2017,"низкий урк, урк, высокий урк, средний урк, низкий, пересказ несюж., метакоммуникативная вставка, пересказ сюж., экстр., пересказ",,,0.0
Zakharov_IMS_2017,,"предлоги, русский язык, семантика, синтаксические
отношения, контекст, лексикосемантические маркеры.",,0.0
Zakharov_IMS_2017,"предлогов, русского языка, значения, значения предлогов, первообразных предлогов, текста, языка, семантики предлогов, значения предлога, семантических",,,0.0
Blinova_IMS_2017,"форма pl.pej, форма, тип, pl.pej, форма множественный, множественный пейоративный, множественный, именной группа, результат поиск, именной",,,0.0
Boyarsky_IMS_2017,"словосочетание, слово, сочетание предлог, предлог, оборот, следовать слово, являться, удалённый контекст, анализ, являться словосочетание",,,0.0
Dubovik_IMS_2017,"текст, стиль, значение, параметр, художественный, научный, число, художественный стиль, текст научный, деловой",,,0.0
Goryunova_IMS_2017,"предметный область, предметный, связать, онтология, специализировать предметный, область, ассоциация, классификация онтология, должный, модель предметный",,,0.0
Khokhlova_IMS_2017,"мера, биграмм, сочетание, значение, статистический, работа, количество, дать, дать мера, результат",,,0.0
Kislov_IMS_2017,"китайский язык, китайский, язык, вместо, современный китайский, букв, иероглиф, слово, новый, иероглифический",,,0.0
Kriukova_IMS_2017,"близость текст, текст, семантический близость, близость, оценка, метрика, значение, текстов, результат, метрика близость",,,0.0
Kurochkina_IMS_2017,"коллокация, мера, слово, извлечение коллокация, оценка, словарь, корпус, база, золотой, устойчивый",,,0.0
Martynenko_IMS_2017,"порядковый статистика, частотный словарь, частотный, объём, статистика, порядковый, словарь, объём выборка, статистический, состоятельность",,,0.0
Masevich_IMS_2017,"частотный поведение, частотный, слово, аплодисменты, изменение, словосочетание, середина, коннотация, биграмм, корпус",,,0.0
Ogay_IMS_2017,"частотный словарь, частотный, огай санкт-петербургский, словарь, санкт-петербургский государственный, государственный университет, университет санкт-петербург, визуализация, работа, проблема отображение",,,0.0
Popova_IMS_2017,"единица, устный, единица такой-сякой, такой-сякой, речевой, употребление, пример, устный речь, сякой, речевой акт",,,0.0
Popov_IMS_2017,"документ, анализ, задача, адаскин infoqubes, университет москва, поиск, infoqubes санкт-петербургский, санкт-петербургский государственный, государственный университет, поиск аномалия",,,0.0
Sedova_IMS_2017,"тематический модель, корпус текст, модель, текст, тематический, биграмм, корпус, слово, алгоритм, выделение биграмм",,,0.0
Smirnova_IMS_2017,"лексический база, база данные, тибетский, база, лексический, тибетский язык, данные, отношение, композит, например",,,0.0
Sokolova_IMS_2017,"ключевой слово, слово, ключевой, словосочетание, kea, алгоритм, документ, работа, данный слово, кандидат",,,0.0
Temirova_IMS_2017,"абусупьян акаев, корпус, языковой, языковой семья, темиров мгу, ломоносов москва, корпусный лингвистика, относительно молодой, молодой наука, москва несмотря",,,0.0
Zaides_IMS_2017,"низкий урк, урк, метакоммуникативный вставка, высокий урк, низкий, метакоммуникативный, пересказ несюж., средний урк, экстр., пересказ",,,0.0
Zakharov_IMS_2017,"предлог, семантический, значение, значение предлог, семантический анализ, описание, семантический разметка, синтаксический, семантический тег, описание предлог",,,0.0
Azarova_IMS_2018,,"russian prepositions ‧ prepositional constructions ‧ preosition
meaning ‧ transitive constructions‧ temporal constructions ‧ mediative constructions",,0.0
Azarova_IMS_2018,"предложных конструкций, предлогов, сквозь, ipm, конструкций, предложных, предлог, производных предлогов, производный предлог, предлога",,,0.0
Belov_IMS_2018,,"корпус русских локальных документов, официально-деловые
тексты, типы текстов, социально-значимые домены (здравоохранение, образование, культура)",,0.0
Belov_IMS_2018,"текстов, русского языка, документов, корпус, документы, правила, локальных документов, языка, правила поведения, например",,,0.0
Boikov_IMS_2018,,"автоматический поиск рифмы, информационно-аналитическая
система, модель фонетического слова, разметка стиха, созвучие, спецификация
стихового текста, тезаурус по поэтологии, точность и богатство рифмы, формальный
язык стиха.",,0.0
Boikov_IMS_2018,"стихового текста, рифмующихся слов, согласных, рифмы, рифма, слов, текста, кортежей согласных, гласных, стихового",,,0.0
Chekmeneva_IMS_2018,,"корпусы текстов, частотность лексических единиц, поэтический
корпус нкря, прилагательные обозначающие цвета, теория базовых обозначений
цвета берлина и кэя, синестетическая метафора",,0.0
Chekmeneva_IMS_2018,"цвет, сочетания, цвета, красный, метафоры, частотными оказались, белый, синий, фиолетовый, слово",,,0.0
Karyaeva_IMS_2018,,"тезаурус, семантические отношения, data mining, knowledge
acquisition, domain engineering, machine learning, word2vec",,0.0
Karyaeva_IMS_2018,"википедии, отношений, отношения, извлечения, отношение, предметной области, терминов, извлечения отношений, отношения меронимии, русской википедии",,,0.0
Khokhlova_IMS_2018,,"сочетаемость, коллокации, словари, база данных, корпусы
текстов, статистика",,0.0
Khokhlova_IMS_2018,"данных, сочетаемости, база данных, языка, русского языка, словосочетания, token start, слов, представлены, база",,,0.0
Kirillova_IMS_2018,,"морфологический анализ, разрешение морфологической
неоднозначности, nltk4russian, корпусы русскоязычных текстов",,0.0
Kirillova_IMS_2018,"nltk, разметки, universal dependencies, морфоанализатора, dialogue evaluation, нкря, текстов, работы морфоанализатора, частеречной разметки, opencorpora",,,0.0
Kogan_IMS_2018,,"корпусная лингвистика, устойчивые сочетания, лексические
пучки, списки частотных слов и выражений, английский научный дискурс, kod.ing
корпус, немецкий для специальных целей.",,0.0
Kogan_IMS_2018,"слов, лексических пучков, частотных слов, the, лексических, языка, специальных целей, корпуса, пучков, частотных лексических",,,0.0
Martynenko_IMS_2018,,"русский язык, русская литература, рассказ, революционная эпоха, компьютерная антология, первая треть xx века",,0.0
Martynenko_IMS_2018,"антологии русского, антологии, русского, русского языка, русского рассказа, языка, русской, рассказа, русской формальной, литературы",,,0.0
Masevich_IMS_2018,,"корпусная лингвистика, имена поличических деятелей, частоты, вариативность, система google books ngram viewer",,0.0
Masevich_IMS_2018,"google books, winston churchill, ngram viewer, books ngram, churchill, рис, частотного поведения, имен, рис., кривые",,,0.0
Mikoni_IMS_2018,,"понятие, отношение, связь, роль, род, вид, часть, агрегат, целое, обобщение, агрегация, инструментальная связь, связь-влияние.",,0.0
Mikoni_IMS_2018,"понятия, понятий, понятие, связи, содержание понятия, является, отношение, связь, деления, abi",,,0.0
Mochalova_IMS_2018,,"вопросно-ответные системы, онтологии, автоматическая обработка текста, drools, sparql, apache jena.",,0.0
Mochalova_IMS_2018,"текста, онтологии, itfru, системы, вопросно-ответной системы, частей текста, обработки текста, признак, действие, символ",,,0.0
Raikov_IMS_2018,,"большие данные, глубокое обучение, квантовая семантика, когнитивное моделирование, конвергентный подход",,0.0
Raikov_IMS_2018,"когнитивной модели, модели, когнитивной, настоящей работе, принятия решения, решения, данных, глубокого обучения, документов, факторов",,,0.0
Sagmanova_IMS_2018,,"вопросительная реплика, устная речь, диалогическая речь.",,0.0
Sagmanova_IMS_2018,"вопросительных реплик, реплик, кратких вопросительных, вопросительных, особенности реализации, реализации кратких, речи, реализации вопросительных, устной речи, диалогической речи",,,0.0
Sampetova_IMS_2018,,"автоматическое исправление опечаток, расстояние левенштейна, n-граммная модель",,0.0
Sampetova_IMS_2018,"исправления опечаток, автоматического исправления, реализация алгоритма, опечаток, исправления, алгоритма, автоматического, слово, слова, русскоязычных текстах",,,0.0
Shukshina_IMS_2018,,"корпусная лингвистика, цветовые термины, названия цветов, русский язык, лексико-семантическая группа",,0.0
Shukshina_IMS_2018,"основных цветов, русского языка, слова, слов, цвета, употребления, цветов, группы, значений, основных",,,0.0
Azarova_IMS_2018,"предлог, производный предлог, значение, предложный конструкция, семантический, сквозь, первообразный предлог, семантический рубрика, предложный, конструкция",,,0.0
Belov_IMS_2018,"текст, корпус, документ, корпус русский, русский, русский язык, локальный документ, правило, корпус corrida, официально-деловой текст",,,0.0
Boikov_IMS_2018,"рифма, созвучие, стиховой текст, гласный, рифмоваться слово, согласный, слово, стиховой, текст, кортеж согласный",,,0.0
Chekmeneva_IMS_2018,"цвет, сочетание, слово, красный, являться, цвета, цветообозначение, синий, значение, частотный",,,0.0
Karyaeva_IMS_2018,"отношение, термин, извлечение, извлечение отношение, предметный, википедия, использование, отношение ассоциация, тезаурус, отношение меронимии",,,0.0
Khokhlova_IMS_2018,"база данные, сочетаемость, словарь, база, данные, информация, представить, слово, словосочетание, коллокация",,,0.0
Kirillova_IMS_2018,"разметка, морфологический, корпус, текст, морфологический разметка, полный морфологический, обучать, морфоанализатор, nltk, результат",,,0.0
Kogan_IMS_2018,"лексический пучок, корпус, слово, частотный, язык, список, немецкий язык, немецкий, лексический, частотный слово",,,0.0
Martynenko_IMS_2018,"русский, рассказ, русский язык, русский рассказ, антология русский, антология, литературный, русский писатель, язык, литература",,,0.0
Masevich_IMS_2018,"частотный поведение, кривая, частотный, фамилия, поведение, форма, рис, churchill, политический, пик кривая",,,0.0
Mikoni_IMS_2018,"понятие, связь, отношение, видовой понятие, видовой, являться, роль понятие, роль, содержание понятие, родовой понятие",,,0.0
Mochalova_IMS_2018,"текст, вопросно-ответный система, система, itfru, обработка текст, работа, вопросно-ответный, элемент, онтология, часть текст",,,0.0
Raikov_IMS_2018,"когнитивный модель, когнитивный, модель, настоящий работа, решение, когнитивный моделирование, глубокий обучение, обучение, модели, фактор",,,0.0
Sagmanova_IMS_2018,"вопросительный реплика, вопросительный, реплика, структура, сагмановый санкт-петербургский, материал, санкт-петербургский государственный, государственный университет, университет санкт-петербург, характер являться",,,0.0
Sampetova_IMS_2018,"слово, алгоритм, исправление опечатка, исправление, автоматический исправление, текст, буква, опечатка, замена, вероятность",,,0.0
Shukshina_IMS_2018,"слово, группа, цвет, употребление, значение, цветной значение, русский язык, процент употребление, русский, употребление слово",,,0.0
Antipenko_IMS_2019,,"дистрибутивная семантика, корпусная лингвистика, социальные
сети, ассоциативный эксперимент, языковое сознание, русский язык",,0.0
Antipenko_IMS_2019,"русского языка, рас, языка, слов, слова, рдт, сети facebook, facebook, данных, русского",,,0.0
Boikov_IMS_2019,,"стих, сегментация стиха, слоговой объем сегмента стиха, междуиктовый интервал, метрообразующий период стиха, метр стиха, регулятивы
стихового метра.",,0.0
Boikov_IMS_2019,"имеет место, слоговым объемом, min, max, икте, объемные показатели, междуиктовых интервалов, стих, место ударение, слова",,,0.0
Boyarsky_IMS_2019,,"топонимы, омонимия, анализ текста, парсер, маркерные слова",,0.0
Boyarsky_IMS_2019,"слово, прописной буквы, слова, словаре, слов, некоторых случаях, случаях, целевое слово, топонимов, название",,,0.0
Chekmeneva_IMS_2019,,"корпусная лингвистика, корпус текстов, метафора, концептуальная метафора, музыковедческий дискурс",,0.0
Chekmeneva_IMS_2019,"области цели, метафора, области, метафоры, музыка, слова, является, области источника, цели, метафора является",,,0.0
IMS2019_conv,"компьютерная лингвистика, the, the russian, вычислительные онтологии, университет итмо, and the, and, русского языка, russian, слова",,,0.0
Ivanova_IMS_2019,,"военные видеоигры, язык, контент-анализ, глаголы, риторика",,0.0
Ivanova_IMS_2019,"игры, глаголы, сша, мировой войны, первой мировой, видеоигры, видеоигр, военные игры, войны, играх",,,0.0
Khokhlova_IMS_2019,,"глагольные коллокации, корпус текстов, статистика, словари, меры ассоциации, оценка",,0.0
Khokhlova_IMS_2019,"результаты, мер, словосочетаний, меры, совместной встречаемости, коллокации, фишера, мер ассоциации, данных, например",,,0.0
Komarova_IMS_2019,,"корпусная лингвистика, английская фразеология, корпус соса, поисковый запрос, верификация фразеологизмов, частотность, нормативный вид, типичные трансформации, дидактические материалы",,0.0
Komarova_IMS_2019,"корпусе, фразеологизмов, корпусе соса, поиска, фразеологических единиц, единиц, идиоматических выражений, языка, соса, корпусной лингвистики",,,0.0
Martynenko_IMS_2019,,"русский рассказ, ранговые распределения, ранговое среднее, индекс концентрации, синтаксические фигуры, правая и левая ширина, симметрия
куста, зеркальная симметрия, золотая симметрия, закон бехагеля",,0.0
Martynenko_IMS_2019,"предложения, членов предложения, фигур, табл, синтаксических фигур, мартыненко, бехагеля, предложения следует, структуры, членов",,,0.0
Masevich_IMS_2019,,"прилагательные цвета, классификация, семантическое поле, дистрибутивно-статистический анализ",,0.0
Masevich_IMS_2019,"прилагательных цвета, цвета, прилагательных, семантического поля, поля, семантических полей, семантическое поле, поле, полей, семантических",,,0.0
Mikoni_IMS_2019,,"определение понятия, валентность глагола, словообразовательное
гнездо, управление, устойчивость, тип связи, семантическая сеть",,0.0
Mikoni_IMS_2019,"управления, объекта управления, понятия, объекта, понятий, является, объект, система управления, субъект управления, определения",,,0.0
Moskvina_IMS_2019,,"русские предлоги, предложные конструкции, значения предлогов, корпусная лингвистика, база данных",,0.0
Moskvina_IMS_2019,"предлогов, данных, базы данных, предложных конструкций, конструкций, предлога, предложных, значения, базы, значения предлогов",,,0.0
Perminov_IMS_2019,,"прикладная онтология, пользовательские веб-интерфейсы, юзабилити, статическое тестирование",,0.0
Perminov_IMS_2019,"метрик, атрибут, интерфейса, является, взаимодействия, интерфейс, онтология, области, количество, owl",,,0.0
Popova_IMS_2019,,"устная речь, корпус, дискурс, прагматическое аннотирование, прагматические маркеры, метакоммуникация, метакоммуникативы, социальная роль, лингвистические корреляты",,0.0
Popova_IMS_2019,"прагматических маркеров, речи, маркеров, прагматических, говорящего, роли, корпусных данных, устной речи, единиц, социальных",,,0.0
Zhang_IMS_2019,,"языковая картина мира, концепт, визуализация знаний, интеллекткарта",,0.0
Zhang_IMS_2019,"империя, русского языка, языка, толковый словарь, семантических полей, интеллект-карты, словарь русского, словарь, sketch engine, является",,,0.0
Antipenko_IMS_2019,"слово, ассоциативный, социальный сеть, корпус, русский, русский язык, данные, ассоциативный словарь, модель, социальный",,,0.0
Boikov_IMS_2019,"слоговой объём, ударение, пропуск ударение, ударный слог, объём, стих, строка, место ударение, слоговой, слог",,,0.0
Boyarsky_IMS_2019,"слово, название, класс, маркерный слово, анализ, случай, топоним, целевой слово, текст, семантический омонимия",,,0.0
Chekmeneva_IMS_2019,"метафора, область, слово, являться, музыка, область цель, корпус, метафорический, исследование, концептуальный метафора",,,0.0
Ivanova_IMS_2019,"игра, видеоигра, военный, глагол, военный игра, являться, видеоигра военный, негативный, позитивный глагол, позитивный",,,0.0
Khokhlova_IMS_2019,"мера, результат, коэффициент, словосочетание, значение, корреляция, частота, частота совместный, большой, коллокация",,,0.0
Komarova_IMS_2019,"корпус, поиск, корпусный лингвистика, идиом, корпус соса, идиоматический выражение, корпусный, английский, разный, выражение",,,0.0
Martynenko_IMS_2019,"ранговый, ранговый распределение, фигура, член, член предложение, табл, структура, синтаксический фигура, закон, распределение",,,0.0
Masevich_IMS_2019,"семантический поле, прилагательное, прилагательное цвет, семантический, поле, цвет, член семантический, слово, цвета, корпус",,,0.0
Mikoni_IMS_2019,"управление, объект, управления, определение, объект управление, понятие, система, субъект управления, система управление, являться",,,0.0
Moskvina_IMS_2019,"предлог, база данные, значение, база, конструкция, данные, предложный, предложный конструкция, значение предлог, работа",,,0.0
Perminov_IMS_2019,"атрибут, пользователь, интерфейс, пользовательский, онтология, пользовательский интерфейс, являться, количество, качество, интерфейса",,,0.0
Popova_IMS_2019,"социальный роль, говорящий, прагматический маркер, роль, социальный, прагматический, маркер, свой, речевой, речь",,,0.0
Zhang_IMS_2019,"семантический поле, картина мир, империя, семантический, интеллект-карта, языковой картина, русский язык, поле, слово, являться",,,0.0
Bakhvalov_IMS_2020,,"проверка правописания, автоматическое исправление ошибок, генерация правил, детектирование ошибок",,0.0
Bakhvalov_IMS_2020,"ошибок, данных, правил, генерации правил, правила, набора данных, правило, ошибки, генерации, набора",,,0.0
Grebennikov_IMS_2020,,"корпус текстов, русский рассказ, стилеметрия, частотный словарь, распределение частот",,0.0
Grebennikov_IMS_2020,"русского языка, языка, рассказов, русских рассказов, целом, русского, корпуса, словарей, частотных, слов",,,0.0
Khokhlova_IMS_2020,,"глагольные коллокации, атрибутивные коллокации, машинное обучение, алгоритмы, корпусы текстов, русский язык",,0.0
Khokhlova_IMS_2020,"машинного обучения, словосочетаний, слова, машинного, обучения, русского языка, коллокаций, методы, слов, лексических конструкций",,,0.0
Korablinov_IMS_2020,,"вопросно-ответный поиск, базы знаний, графы знаний, сопоставление сущностей, краудсорсинг",,0.0
Korablinov_IMS_2020,"сущностей, вопросно-ответного поиска, знаний, сущности, данных, базам знаний, является, кандидатов, список, списка",,,0.0
Kuznetsova_IMS_2020,,"английский для специальных целей, биотехнология, лингвистические корпусы, контекст, освоение специальной лексики",,0.0
Kuznetsova_IMS_2020,"корпуса now, now, корпуса, специальных целей, слов, корпусов, биотехнология, студентов, соса, обучения",,,0.0
Mikoni_IMS_2020,,"слово, смысл, понятие, модель, свойство, базис, функция, операция, структура, отношение, аргумент.",,0.0
Mikoni_IMS_2020,"определения понятия, понятия, менеджмент качества, определения, слова, качества, понятий, менеджмент, подход, слов",,,0.0
Rogov_IMS_2020,,"атрибуция текстов, корпусная лингвистика, ф. м. достоевский, сильные позиции текста, дерево решений, n-грамма, частеречное распределение",,0.0
Rogov_IMS_2020,"текста, текстов, частей речи, сильных позициях, речи, достоевский, позиций текста, сильных, сильных позиций, существительное",,,0.0
Sokolova_IMS_2020,,"корпус с дискурсивной разметкой, теория риторических структур, риторические отношения",,0.0
Sokolova_IMS_2020,"например, корпуса ru-rstreebank, текстов, ru-rstreebank, текста, высшая школа, отношений, отношения, корпуса, разметки",,,0.0
Bakhvalov_IMS_2020,"правило, ошибка, набор, генерация правило, основать, набор данные, данные, генерация, категория, работа",,,0.0
Grebennikov_IMS_2020,"частотный словарь, русский, словарь, частотный, русский рассказ, русский язык, рассказ, корпус русский, корпус, материал",,,0.0
Khokhlova_IMS_2020,"векторный представление, метод, словосочетание, машинный, представление, коллокация, слово, машинный обучения, векторный, использовать",,,0.0
Korablinov_IMS_2020,"сущность, список, вопросно-ответный поиск, база знание, база, фрагмент, текст, являться, запрос, поиск",,,0.0
Kuznetsova_IMS_2020,"корпус now, корпус, использование корпус, now, использование, студент, корпус соса, специальный, слово, английский",,,0.0
Mikoni_IMS_2020,"определение понятие, определение, понятие, слово, подход, модель, качество, пояснять слово, пояснять, отношение",,,0.0
Rogov_IMS_2020,"текст, позиция текст, сильный позиция, часть речь, позиция, фрагмент текст, анализ, фрагмент, сильный, автор",,,0.0
Sokolova_IMS_2020,"текст, отношение, корпус ru-rstreebank, корпус, например, разметка корпус, ru-rstreebank, дискурсивный, разметка, дискурсивный разметка",,,0.0
Antopolskii_IMS_2021,,"лингвистические информационные ресурсы, инфраструктура, clarin. программа развития, сервисы, llod",,0.0
Antopolskii_IMS_2021,"лир, clarin, российских лир, данных, области лир, количество лир, например, использование лир, лингвистические, созданию лир",,,0.0
Boyarsky_IMS_2021,,"автоматический анализ текста, омонимия, словосочетания, лексические обороты, предложные группы",,0.0
Boyarsky_IMS_2021,"предложные обороты, слов, обороты, фраземы, оборотов, например, сочетанием слов, предложных оборотов, является, предложные",,,0.0
Chizhik_IMS_2021,,"тематическое моделирование, векторная модель, латентный
семантический анализ, латентное размещение дирихле, lda, lsa",,0.0
Chizhik_IMS_2021,"слов, данных, lda, lsa, количество слов, набор данных, тематического моделирования, темы, количество, набор",,,0.0
Golitsina_IMS_2021,,"обработка текста, извлечение фактов, онтология, таксономия
отношений, определение понятий",,0.0
Golitsina_IMS_2021,"элементарных фактов, определений понятий, отношений, поискового образа, например, определение понятия, определений, элементарных, связь, текста",,,0.0
IMS2021_conv,"род род, компьютерная лингвистика, вычислительные онтологии, университет итмо, the, компьютерная, род, онтологии, государственный университет, лир",,,0.0
Maksimov_IMS_2021,,"семантический поиск, обработка текста, графовые представления
онтологий, механизм поиска, аспектная проекция",,0.0
Maksimov_IMS_2021,"поиска, онтологии, позволяет, информационного поиска, вершин, механизмов поиска, графа онтологии, текста, механизма поиска, решения",,,0.0
Mengliev_IMS_2021,,"морфологический анализатор, узбекский язык, граммема, дериватема, квазиграммема",,0.0
Mengliev_IMS_2021,"узбекского языка, языка, узбекского, морфологического анализатора, база данных, морфологического, данных, морфоанализатора узбекского, анализатора, билан",,,0.0
Mikoni_IMS_2021,,"слово, смысл, понятие, понимание, ложно-ориентирующий термин, нейтральный термин",,0.0
Mikoni_IMS_2021,"понимания, понятия, является, термин, текста, определение понятия, смысл, термина, слова, слово",,,0.0
Antopolskii_IMS_2021,"лир, clarin, поиск, российский лир, инфраструктура, лингвистический, данных, инструмент, например, российский",,,0.0
Boyarsky_IMS_2021,"предложный оборот, фразем, предложный, оборот, слово, например, являться, предлог, слов, выполнять функция",,,0.0
Chizhik_IMS_2021,"слово, тематический, тематический моделирование, новостной, тема, новостной анонс, набор данные, lda, набор, lsa",,,0.0
Golitsina_IMS_2021,"элементарный факт, связь, определение, элементарный, поисковый образ, текст, отношение, поисковый, семантический, определение понятие",,,0.0
Maksimov_IMS_2021,"граф, механизм поиск, поиск, граф онтология, позволять, множество, механизм, текст, документ, модель механизм",,,0.0
Mengliev_IMS_2021,"узбекский язык, язык, узбекский, морфологический, база, грамматический, тюркский язык, анализатор, морфологический анализатор, база данные",,,0.0
Mikoni_IMS_2021,"термин, понимание, слово, смысл, понятие, определение, определение понятие, являться, научный, читатель",,,0.0
ChizhikEgorov_IMS_2022,"симптомов, пользователя, егоров введение, мультимодальные интеллектуальные, интеллектуальные ассистенты, данных, данные, задачи, взаимодействия, пациента","чат-бот, человеко-машинный диалог, векторизация текста, интента",,0.0
ChizhikMelnikovaZakharov_IMS_2022,"социального настроения, данных, тональности комментариев, настроения, настроение, тональности, комментариев, социальное настроение, рис, является","эмоциональное картирование, тематическое моделирование, оценка тональности, векторизация текста",,0.0
ChizhikMelnikova_IMS_2022,"данных, данные, текстовых данных, медицинских данных, медицинских, датасет, информации, симптомов, обработка текстовой, естественном языке","датасет, ner, анализ текста",датасет,33.33
Kogan_IMS_2022,"корпусной лингвистики, корпусной, подходов корпусной, лингвистики, оор, области корпусной, корпусов, корпуса, онлайн корпусов, корпусной лингводидактики","оор, онлайн корпуса, корпусная лингводидактика, дидактические материалы, повышение квалификации",оор,20.0
Maksimov_IMS_2022,"смысл, множество, например, объекта, рис, граф, текста, объект, значение, набор","семантика, смысл, семантическая информация",смысл,33.33
Solovyev_IMS_2022,"русского языка, языка, слов, русского, машинное обучение, респондентов, обоих видов, методика создания, создания семантических, словарь","словари русского языка, опросы носителей языка, машинное обучение, конкретность, абстрактность, позитивность, негативность",машинное обучение,14.29
Vissio_IMS_2022,"русских заимствований, якутского языка, заимствований, языка, рис, русских, модели, якутского, словоформ, якутских","якутский язык, русские заимствования, идентификация языка, 3-граммы, лексикография",,0.0
Bikova_IMS_2023,"эмо, текст, дзи, лемматизированный текст, пунктуацией, logistic regression, текста, пунктуации, bow, лемматизированный","анализ эмоций, эмоциональная окраска текста, эмо́дзи, машинное обучение, нейронные сети",,0.0
ChizhikEgorov_IMS_2023,"рис, данных, симптомов, пациентов, поэтому, симптома, модель, модели, является, логистической регрессии","здравоохранение, разговорный ии, языковые модели, человеко-машинный диалог",,0.0
Chizhik_IMS_2023,"точки зрения, текстов, таким образом, векторизации, анализа тональности, анализа, данных, тональности, социальных, слов","векторизация текстов, анализ тональности, социальные медиа",,0.0
Gavrilkina_IMS_2023,"отношений, ролей, роль, сущностей, роли, идентификации ролей, ролей сущностей, причина, определена роль, сущности","семантические роли, информационный поиск, автоматическая обработка текста, полнотекстовое индексирование",,0.0
Khodorkovsky_IMS_2023,"сущности, информации, информация, сведения, системы, свойства, деятельности, деятельности системы, свойства сущности, обозначение","сведения, информация, информационная коммуникация, данные, сигнал, преобразование информации, потенциальная информация","сведения, информация",28.57
Lokalina_IMS_2023,"слова, слова вообще, рис, конструкции, отсловасовсем, языка, рис., вообще, контекст, сказуемое","типические конструкции, устойчивая модель, интенсификатор, омонимия, конструкция",,0.0
Maksimov_IMS_2023,"информации, информация, свойства информации, свойства, свободной информации, свойство, взаимодействия, области, которое, связанной информации","фундаментальные свойства информации, атрибутивные свойства информации, прагматические свойства информации, свободная информация, связанная информация, информационные взаимодействия",,0.0
Melnichuk_IMS_2023,"русском языке, текста, текстов, модель, слов, суммаризации, модели, bleu, русском, языке","nlp, суммаризация, mbart, t5, gpt-3",,0.0
Tatur_IMS_2023,"названия, базы отдыха, оценок, названия торговой, сфере, торговой марки, неймингов, сфер, нейминга, сферах","классификация текстов, бренд, нейминг",,0.0
Belkin_IMS_2024,,отзывы пациентов поликлиник; открытые данные; яндекс карты; веб-скрапинг; естественная обработка языка; анализ тональности; тематическое моделирование,,0.0
Belkin_IMS_2024,"данных, отзывов, данные, отзывы, анализа тональности, набор данных, пользователей, тональности, количество, отзывах",,,0.0
MitrofanovaAdamova_IMS_2024,,"корпусная  лингвистика, материалы  конференций, разметка, ключевые слова, аннотации, тематическая разметка, именованные сущности",,0.0
MitrofanovaAdamova_IMS_2024,"ключевых выражений, текстов, ключевых, ims, корпуса, выражений, ims compling, корпуса ткикл, текста, ключевых слов",,,0.0
MitrofanovaGolubev_IMS_2024,,"корпусная  лингвистика, материалы  конференций, тематическое моделирование, метки тем, рубрикация",,0.0
MitrofanovaGolubev_IMS_2024,"меток, моделей, корпуса ткикл, темы, корпуса, генерации меток, nmf, помощью алгоритма, помощью, тематических моделей",,,0.0
Sukhan_IMS_2024,,"корпусная лингвистика, материалы конференций, графовый анализ, метаразметка, визуализация, информационный  поиск, онтологии, именованные сущности",,0.0
Sukhan_IMS_2024,"данных, корпуса, визуализации, графа, статей, например, авторов, визуализации метаданных, gephi, метаданных корпуса",,,0.0
Vybornaya_IMS_2024,,"русские предлоги, предложные конструкции, значение предлогов, синтаксемы, синтаксическая неоднозначность",,0.0
Vybornaya_IMS_2024,"предлог, предлогов, предложных конструкций, первообразных предлогов, конструкций, контекстов, синтаксемы, данных предложных, предлога, синтаксема",,,0.0
