Index,Year,Name,Manual_KW,Manual_Count,YAKE_KW,YAKE_Count,Intersection,Intersection_Count,Ratio_Manual,Ratio_YAKE,Status
1,2013,Adrova,,0,"хеширования, алгоритмов хеширования, SCRYPT, паролей, раундов, алгоритмов, BCRYPT, Полежаев Оренбургский, GOST, Алгоритм",10,,0,0.0,0.0,YAKE Only
2,2013,Aksarin,,0,"Новой сцены, сцены Александринского, Александринского театра, Новой, интернет, сцены, открытии Новой, театра, сети интернет, Александринского",10,,0,0.0,0.0,YAKE Only
3,2013,Arzumanyan,,0,"информации, Онтологии, концептуальных карт, концептуальных, области, предметной области, восприятие информации, представления, поиска, структуризации информации",10,,0,0.0,0.0,YAKE Only
4,2013,Bershadskaya,,0,"электронного правительства, электронного, правительства, социальных медиа, услуг электронного, социальных, услуг, социальных сетей, государственных услуг, РОИ",10,,0,0.0,0.0,YAKE Only
5,2013,Bikkulov,,0,"подростковых самоубийств, самоубийств, социальных медиа, социальных, подростковых, социальных сетях, сообщений, СМИ, самоубийств среди, медиа",10,,0,0.0,0.0,YAKE Only
6,2013,Bogomolova,,0,"предметной области, государственного управления, онтологии, государственное управление, управления, статистического наблюдения, УИС РОССИЯ, области, онтологии предметной, показателей",10,,0,0.0,0.0,YAKE Only
7,2013,Bogoraz,,0,"проникновение, тестов, безопасности, тестирования, уязвимостей, проведения тестов, Security Testing, Digital Security, Security, оценки",10,,0,0.0,0.0,YAKE Only
8,2013,Bolgov,,0,"электронной демократии, электронного участия, демократии, электронной, электронного, участия, механизмов электронной, России, разных странах, электронного правительства",10,,0,0.0,0.0,YAKE Only
9,2013,Boyarsky,,0,"слова, омонимии, слов, слово, анализа, предложения, словосочетание, существительное, является, SemSin",10,,0,0.0,0.0,YAKE Only
10,2013,Boykov,,0,"Тезауруса, термина, Стих, поэтологии, III, Примеры, ТСТ, стопный стих, равносложный стих, Поля ТСТ",10,,0,0.0,0.0,YAKE Only
11,2013,Brodovskaya,,0,"World Internet, The, Internet, Internet Project, World, the within, within the, the framework, the Internet, the perception",10,,0,0.0,0.0,YAKE Only
12,2013,Brodovskaya,,0,"World Internet, Internet Project, реализованного Московским, Московским государственным, результаты исследования, отражены некоторые, некоторые результаты, государственным гуманитарным, гуманитарным университетом, университетом имени",10,,0,0.0,0.0,YAKE Only
13,2013,Brodovskaya,,0,"глобальной сети, политической субъектности, Интернет, Интернете, Интернета, россиян, пространстве Интернет, глобальной, политической, действия властей",10,,0,0.0,0.0,YAKE Only
14,2013,Chirkin,,0,"данных, например, извлечения данных, страницы, извлечения, извлечение, сайта, data, страниц, следует",10,,0,0.0,0.0,YAKE Only
15,2013,Chizhik,,0,"сети Интернет, сети, Интернет, продукта, информации, является, мультимедийного продукта, Необходимо отметить, рекламной акции, случае",10,,0,0.0,0.0,YAKE Only
16,2013,Dyakova,,0,"электронного правительства, Китае, развития электронных, развития, правительства, электронного, электронных услуг, развития человеческого, индексу развития, власти",10,,0,0.0,0.0,YAKE Only
17,2013,Evtushenko,,0,"управления, системы управления, системы, числе, процессов, система, процессно-проектного управления, управления изменениями, систем, дальнейшем",10,,0,0.0,0.0,YAKE Only
18,2013,Gorelik,,0,"регистрации, регистрации паспорта, паспорта, электронной регистрации, пользователя, электронной, Процедура регистрации, процессе регистрации, Процедура, Введение Стремление",10,,0,0.0,0.0,YAKE Only
19,2013,Grigorieva,,0,"пожилых, пожилых людей, ИКТ, обучение пожилых, пожилых ИКТ, социальных, социального исключения, обучение, России, людей",10,,0,0.0,0.0,YAKE Only
20,2013,Grigoryuk,,0,"данных, базе данных, данными, Модель данных, Брагинская Институт, Google Maps, Модель, анализа, данные, экспериментов",10,,0,0.0,0.0,YAKE Only
21,2013,Ivanchenko,,0,"мобильных устройств, мобильных технологий, мобильных, студентов, преподавателей, устройств, среди преподавателей, технологий, среди студентов, применения мобильных",10,,0,0.0,0.0,YAKE Only
22,2013,Ivanko,,0,"Shifted Delta, Delta Cepstra, SDC, признаков SDC, идентификации языка, признаков, VAD, MFCCs, языка, СИЯ",10,,0,0.0,0.0,YAKE Only
23,2013,Juk,,0,"социальных сетей, сети, социальные сети, социальных, социальных сетях, информации, Антипиратский закон, исследования, Антипиратский, сетей",10,,0,0.0,0.0,YAKE Only
24,2013,Karbovskii,,0,"ММС, экстремальных ситуациях, ситуациях, пользователей ММС, экстремальных, принятия решений, эвакуации, населения, чрезвычайных ситуациях, ситуации",10,,0,0.0,0.0,YAKE Only
25,2013,Karnup,,0,"сети Интернет, Интернет, общения, сети, Twitter, русский язык, языка, английского языка, коммуникации, микроблогов Twitter",10,,0,0.0,0.0,YAKE Only
26,2013,Koltsova,,0,"постов, количество, Количество комментариев, комментариев, количество постов, блоггеров, распределения, темы, темам, LDA",10,,0,0.0,0.0,YAKE Only
27,2013,Kovalevsky,,0,"Активная сейсмология, активной сейсмологии, Активная, области активной, сейсмология, РАН, данных, научных исследований, исследований, активной",10,,0,0.0,0.0,YAKE Only
28,2013,Lipuntsov,,0,"данных, модели данных, открытых данных, обмена, статистических данных, области, модели, проекта, сущности, предметной области",10,,0,0.0,0.0,YAKE Only
29,2013,Lyapin,,0,"библиотеки, полнотекстового поиска, поиска, например, электронной библиотеки, абзацев, запроса, полнотекстовой библиотеки, одиночество, сервисов",10,,0,0.0,0.0,YAKE Only
30,2013,Markarova,,0,"информации, информационного общества, образования, электронной библиотеки, информационного, системы, библиотеки, управления, образовательных, обработки информации",10,,0,0.0,0.0,YAKE Only
31,2013,Masloboev,,0,"МИАС БВР, управления безопасностью, поддержки управления, управления, региональной безопасности, задач управления, управления региональной, безопасности, МИАС, БВР",10,,0,0.0,0.0,YAKE Only
32,2013,Mbogo,,0,"Open Archives, Archives Initiative, информационного общества, научных, Open, научной, исследований, научных исследований, информационных систем, информации",10,,0,0.0,0.0,YAKE Only
33,2013,Moiseichev,,0,"Creative Commons, свободных лицензий, Лицензии Creative, Creative, Commons, лицензий, Свободные лицензии, свободных, лицензии, России",10,,0,0.0,0.0,YAKE Only
34,2013,Novolodskaya,,0,"сети, человека, культуры, становится, сети Интернет, пространстве Сети, Иоанном Гутенбергом, глобальной сети, новые, информации",10,,0,0.0,0.0,YAKE Only
35,2013,Peskova,,0,"облачных, безопасности, облачных вычислений, данных, облачных технологий, облако, степень, Степень полезности, Service, Cloud",10,,0,0.0,0.0,YAKE Only
36,2013,Pijavskij,,0,"фактографической информации, информации, фактографической, лексем, атомов, поиска фактографической, кластера, АтБД, поиска, виде",10,,0,0.0,0.0,YAKE Only
37,2013,Platonov,,0,"ДВО РАН, РАН, отделения РАН, Дальневосточного отделения, научных, Интернет, ДВО, сайта, Cybermetrics Lab, Института",10,,0,0.0,0.0,YAKE Only
38,2013,Prokudin,,0,"Российской Федерации, электронного государства, государственных услуг, Информационное общество, электронного правительства, сети Интернет, электронного, услуг, государственной власти, концепции электронного",10,,0,0.0,0.0,YAKE Only
39,2013,Ruzanova,,0,"Республики Карелия, муниципальных услуг, Карелия, Республики, власти Республики, услуг Республики, услуг, Правительства Республики, государственных услуг, электронного правительства",10,,0,0.0,0.0,YAKE Only
40,2013,Shubinskiy,,0,"сети Интернет, Интернет, сети, детей, интернете, Системы, курса, курс, информации, ЦАИР",10,,0,0.0,0.0,YAKE Only
41,2013,Shustrova,,0,"театра, Театр, современного театра, Новые, Грэм Вик, технологии, спектакля, виртуальный театр, Новые технологии, Виртуальные технологии",10,,0,0.0,0.0,YAKE Only
42,2013,Sidorova,,0,"органов власти, власти, органов, сайтов, Алтайского края, власти Алтайского, региональных органов, сайтов органов, информации, Алтайского",10,,0,0.0,0.0,YAKE Only
43,2013,Solovjova,,0,"учебного материала, учебных материалов, материалов, учебного, дидактических материалов, материала, преподавателей, учебных, ООД, создания мультимедийных",10,,0,0.0,0.0,YAKE Only
44,2013,Talbonen,,0,"коллекции, коллекции изображений, изображений, поиска, Выполнять, Рогов Петрозаводский, программный комплекс, основе, помощью, информации",10,,0,0.0,0.0,YAKE Only
45,2013,Tolstikova,,0,"социального взаимодействия, коммуникации, социальных сетей, социальных, социального, взаимодействия, Интернет, общения, жизни, культуры",10,,0,0.0,0.0,YAKE Only
46,2013,Trakhtenberg,,0,"государственных услуг, услуг, Портал государственных, муниципальных услуг, государственных, электронном виде, Портал, услуги, портала, исследования",10,,0,0.0,0.0,YAKE Only
47,2013,Voroshilov,,0,"фактографической информации, работы, студентов, курсовой работы, информации, студента, работы студента, фактографической, работы студентов, самостоятельной работы",10,,0,0.0,0.0,YAKE Only
48,2013,Yakushev,,0,"социальной сети, сети, пользователей, связей, реальном мире, социальной, данных, сети Vkontakte, Знакомы, реальном",10,,0,0.0,0.0,YAKE Only
49,2013,Zakharkina,,0,"информационных систем, CMS, материалов, реализации, культурного наследия, дальнейшего развития, контента, проекта, разработки, ресурса",10,,0,0.0,0.0,YAKE Only
50,2013,Zakharkina_Mbogo,,0,"проекта, проектов, Drupal, реализации, творческих проектов, является, творческих, Drupal является, позволяет, возможности",10,,0,0.0,0.0,YAKE Only
51,2014,Adaskina,Полуавтоматическое пополнение словарей; семантические классы; синтаксические связи; словари для предметных областей; анализ клиентских отзывов; машинное обучение; алгоритм SVM; итеративный алгоритм; термины персонала; неразмеченные данные,1,,0,,0,0.0,0.0,Manual Only
52,2014,Adaskina,,0,"слов, релевантных слов, слова, алгоритма, семантических классов, связи, релевантных, пополнения, Алгоритм, пополнения семантических",10,,0,0.0,0.0,YAKE Only
53,2014,Akatkin,,0,"обмена информацией, информацией, обмена, моделей данных, данных, Проблемы, России, проблемы импортозамещения, моделей, информацией США",10,,0,0.0,0.0,YAKE Only
54,2014,Balakshina,,0,"Российской Федерации, Федерального казначейства, Федерации, Российской, кредитными организациями, обмена, федерального, взаимодействия, казначейства, территории Российской",10,,0,0.0,0.0,YAKE Only
55,2014,Baranov,,0,"электронного правительства, Ростовской области, развития электронного, развития, правительства, электронного, Российской Федерации, Ростовской, услуг, области",10,,0,0.0,0.0,YAKE Only
56,2014,Belinskaya,электронный каталог; оцифровка; фактографические базы данных; ИРБИС64; консервация документов; сохранность документов; мониторинг; биомониторинг; анализ данных,1,,0,,0,0.0,0.0,Manual Only
57,2014,Belinskaya,,0,"БАН, академии наук, Российской академии, академии, наук, Российской, системы БАН, РАН, фонд БАН, сайте БАН",10,,0,0.0,0.0,YAKE Only
58,2014,Belova,,0,"Нижегородской области, гражданин Нижегородской, Нижегородской, Электронный гражданин, компьютерной грамотности, Правительство Нижегородской, области, Электронный, сети интернет, проекта",10,,0,0.0,0.0,YAKE Only
59,2014,Bogoraz,Социальные сети; распределенные социальные сети; децентрализованные социальные сети; анализ; безопасность; персональные данные; приватность,1,,0,,0,0.0,0.0,Manual Only
60,2014,Bogoraz,,0,"социальные сети, социальной сети, сети, социальных сетей, социальных сетях, социальных, социальная сеть, пользователя, социальные, социальной",10,,0,0.0,0.0,YAKE Only
61,2014,Borisov,,0,"Александринского театра, Новой сцене, Новой, сцене Александринского, театра, Александринского, AXIS, театральных, Wowza Streaming, Интернет",10,,0,0.0,0.0,YAKE Only
62,2014,Borisov_Shustrova,,0,"театр, театра, Современный театр, Интернет, разных, спектакля, театральной жизни, жизни, современного театра, помощью",10,,0,0.0,0.0,YAKE Only
63,2014,Borisov_Zakharkina,,0,"Новой сцены, трансляции, Новой, плеер, Портал Новой, возможность, Введение Старейший, сцены, портале, портала",10,,0,0.0,0.0,YAKE Only
64,2014,Brodovskaya,самообразование; кибернетический анализ; Россия; великие книги; эффективность; Россия; язык; социальные медиа; контент-анализ; сообщения,1,,0,,0,0.0,0.0,Manual Only
65,2014,Brodovskaya,,0,"Школа великих, великих книг, книг, великих, Школа, исследования, участников, клубе, сообщений, участников исследования",10,,0,0.0,0.0,YAKE Only
66,2014,Brodovskaya_Karzubov,,0,"Интернета, развития Интернета, развития, развития ИКТ, ИКТ, уровень развития, проникновения Интернета, Интернет-коммуникации, политических систем, политических",10,,0,0.0,0.0,YAKE Only
67,2014,Brodovskaya_Siniakov,,0,"ценностных ориентаций, молодежи, сети Интернет, Интернет, ценностных, Интернета, исследования, ценностные, жизни, среди",10,,0,0.0,0.0,YAKE Only
68,2014,Chizhik,медиа; медиакоммуникация; традиционные СМИ; интернет-СМИ; Twitter-аудитория; пост; сетевой анализ; гражданская журналистика; информеры; агрегатов; социальные сети,1,,0,,0,0.0,0.0,Manual Only
69,2014,Chizhik,,0,"СМИ, массовой информации, информации, сети Интернет, традиционных СМИ, читательской аудитории, аудитории, сети, аудитории СМИ, Интернет",10,,0,0.0,0.0,YAKE Only
70,2014,Chugunov,,0,"электронного правительства, новостных сообщений, тематического моделирования, правительства, электронного, СМИ, электронных услуг, услуг, анализа, сообщений",10,,0,0.0,0.0,YAKE Only
71,2014,Danilina,Авторское право; учебник; книга для чтения,1,,0,,0,0.0,0.0,Manual Only
72,2014,Danilina,,0,"произведения, правовые положения, правовые, автора, авторских текстов, целях, согласия автора, положения, учебных целях, учебных",10,,0,0.0,0.0,YAKE Only
73,2014,Dmitrieva,,0,"исполнительной власти, органов исполнительной, открытости, власти, органов, органов власти, открытости органов, исполнительной, оценки открытости, федеральных органов",10,,0,0.0,0.0,YAKE Only
74,2014,Dyakova,,0,"коррупцией, борьбы, локальная административная, административная традиция, власти, РАН Ссылки, органов власти, управления, электронного правительства, государственного управления",10,,0,0.0,0.0,YAKE Only
75,2014,Filchenkov,Прогнозирование исходов выборов; прогнозирование протестов; цифровые следы; анализ социальных медиа,1,,0,,0,0.0,0.0,Manual Only
76,2014,Filchenkov,,0,"социальных медиа, социальных, выборов, предсказания, медиа, протестов, результатов выборов, Задача предсказания, является, протесты",10,,0,0.0,0.0,YAKE Only
77,2014,Filippova,,0,"массовой коммуникации, СМИ, России, Бразилии, коммуникации, общества, массовой, СМИ России, Аудитории СМИ, развития",10,,0,0.0,0.0,YAKE Only
78,2014,Grigoryeva,,0,"пожилых ИКТ, пожилых людей, пожилых, ИКТ, людей, возраста, назначения пенсии, Университет ИТМО, работы, назначения",10,,0,0.0,0.0,YAKE Only
79,2014,Grokhovskiy,Лексическая база; корпус тибетских грамматических сочинений; параллельный тибетско-русский корпус; тибетская грамматическая терминология; специальная терминологическая разметка; базовый грамматический термин; фонологический термин; синонимия; гипонимия,1,,0,,0,0.0,0.0,Manual Only
80,2014,Grokhovskiy,,0,"юникоде длиной, тип, тибетской грамматической, строка, тэг, юникоде, грамматической терминологии, TEI, грамматической, данных",10,,0,0.0,0.0,YAKE Only
81,2014,Kalinichenko,,0,"социально-экономического развития, развития региона, развития, государственной власти, органов государственной, прогнозирования, ИАО, региона, власти Санкт-Петербурга, Санкт-Петербурга",10,,0,0.0,0.0,YAKE Only
82,2014,Kanygin,Управление знанием; социальное знание; актор; связность знания; визуализация информации; структура знания; компилируемые структуры; графы,1,,0,,0,0.0,0.0,Manual Only
83,2014,Kanygin,,0,"знания, помощью, например, структуры, виде, пользователя, предопределенной структуры, представления, визуализации, управления",10,,0,0.0,0.0,YAKE Only
84,2014,Kapterev,,0,"тестирования, тестов, системы, профориентации, профессионального, профессии, профессий, личности, базы, результатов",10,,0,0.0,0.0,YAKE Only
85,2014,Kazakov,социальная сеть; сетевой сервис; многоагентная система,1,,0,,0,0.0,0.0,Manual Only
86,2014,Kazakov,,0,"социальных сетей, социальных, социальных сетевых, Социальные сети, социальной сети, Интернет, реальных социальных, социальных интернет, Социальные, сервисов",10,,0,0.0,0.0,YAKE Only
87,2014,Kolodin,,0,"системы, опросов, проведения опросов, отчётов, данных, работы, отчёт, результаты, сервиса, Российской Академии",10,,0,0.0,0.0,YAKE Only
88,2014,Koltsov,автоматическая обработка текстов; корпуса текстов; социальные сети; Живой журнал; тематическая модель; латентное размещение Дирихле; семантические связи; русский язык,1,,0,,0,0.0,0.0,Manual Only
89,2014,Koltsov,,0,"тематического моделирования, текстов, корпуса текстов, темы, слов, Живого Журнала, слова, моделирования, корпуса, тематического",10,,0,0.0,0.0,YAKE Only
90,2014,Koshcheeva,корпусы; коллокации; устойчивые словосочетания; статистические методы; автоматическое выделение коллокаций; меры ассоциации; корпусная лингвистика; компьютерная лингвистика; глагольно-именные словосочетания; сочетаемость,1,,0,,0,0.0,0.0,Manual Only
91,2014,Koshcheeva,,0,"выполнять, словосочетаний, глагольно-именных словосочетаний, глагола выполнять, устойчивых словосочетаний, выделения, глагола, частеречной принадлежности, глагольно-именных, коллоката",10,,0,0.0,0.0,YAKE Only
92,2014,Kudinov,,0,"электронного участия, Красивый Петербург, электронного, участия, граждан, механизмов электронного, мобильных, АИС, Красивый, мобильных технологий",10,,0,0.0,0.0,YAKE Only
93,2014,Kulik,,0,"общества, демократии, власти, США, правления, граждан, партийной демократии, партии, сетевого общества, государства",10,,0,0.0,0.0,YAKE Only
94,2014,Kuzmina,,0,"учебном процессе, обучения, образовательной деятельности, процессе, дистанционного обучения, деятельности, информационных технологий, ИКТ, технологий, является",10,,0,0.0,0.0,YAKE Only
95,2014,Lavrentyev,,0,"учебного процесса, Blended learning, смешанного обучения, обучения, учебного, процесса, Blended, учебного курса, learning, организации учебного",10,,0,0.0,0.0,YAKE Only
96,2014,Lizunova,,0,"пространство, информационное пространство, медиапространства, медиа, информации, информационного общества, информационное, массовой информации, социальное пространство, информационного",10,,0,0.0,0.0,YAKE Only
97,2014,Lyapin,,0,"полнотекстового поиска, поиска, полнотекстового, полнотекстового запроса, T-Libra, запроса, одиночество, рамках, распределенной среды, Университет ИТМО",10,,0,0.0,0.0,YAKE Only
98,2014,Makarov,проектирование пространства; проектная деятельность; инновации; информационные системы; радиочастотная идентификация; открытая библиотека; модернизация библиотеки; мультимедийная электронная библиотека; защита авторских прав; электронные ресурсы,1,,0,,0,0.0,0.0,Manual Only
99,2014,Makarov,,0,"библиотеки, ПГНИУ, университета, библиотека, Сушин Пермский, высшем образовании, библиотеке ПГНИУ, вуза, Пермского университета, библиотека Пермского",10,,0,0.0,0.0,YAKE Only
100,2014,Mbogo,Информатизация научной деятельности; цифровые коллекции; интеграция научной информации; информационно-коммуникационные технологии в научных исследованиях,1,,0,,0,0.0,0.0,Manual Only
101,2014,Mbogo,,0,"Open Archives, Archives Initiative, научных, Open, Open Journal, Journal System, научной, современное общество, статей, Интернет",10,,0,0.0,0.0,YAKE Only
102,2014,Noskov,,0,"лекции, видео, МООК, лекций, Щеглов Новосибирский, мультимедиа лекций, например, МЛ-студии, демонстрационного ряда, типов",10,,0,0.0,0.0,YAKE Only
103,2014,Peskova,,0,"электронного голосования, голосования, электронного, избирателей, выборов, избиратель, дистанционного электронного, система, систем голосования, Интернет",10,,0,0.0,0.0,YAKE Only
104,2014,Pimenov,Создание; Интернет-ресурс; Веблиография; Путеводитель; Предметный путеводитель; Консервация документов; Сохранность документов; БАН; Библиотека Академии наук; Комплектование; Запросы; Подготовка запросов; Программное обеспечение; Plone,1,,0,,0,0.0,0.0,Manual Only
105,2014,Pimenov,,0,"путеводителя, информации, Environment Control, рубрик, Conservation, ссылок, документов, консервации документов, поиска, тематических рубрик",10,,0,0.0,0.0,YAKE Only
106,2014,Prokudin,Информатизация научной деятельности; информационная система; проектирование; информационно-коммуникационные технологии в научных исследованиях,1,,0,,0,0.0,0.0,Manual Only
107,2014,Prokudin,,0,"научных исследований, научной деятельности, научных, научной, поддержки научных, деятельности, системы, пользователей, исследований, информационной системы",10,,0,0.0,0.0,YAKE Only
108,2014,Ryabchenko,Online-социальные сети; online-пространство; лидеры мнений; сенсоры; реализаторы; читатели; репутационные игроки; Интернет; политический конденсат,1,,0,,0,0.0,0.0,Manual Only
109,2014,Ryabchenko,,0,"web, сети, Интернет, online-социальных сетей, публичной политики, пользователей, связи, лидеры мнений, сообщества, пространства",10,,0,0.0,0.0,YAKE Only
110,2014,Serebriakov,онтология; связанные данные; открытые данные; теплофизические свойства; интеграция данных; базы данных; неопределенность данных; вещества; материалы,1,,0,,0,0.0,0.0,Manual Only
111,2014,Serebriakov,,0,"предметной области, Linked Open, данных, LOD, предметной, области, пространстве LOD, QUDT, онтологии, RDF",10,,0,0.0,0.0,YAKE Only
112,2014,Smirnov,распознавание образов; обработка архивных документов; оптическое распознавание; корректировка ошибок распознавания; архитектура системы; компонентная модель; алгоритм; метод; информационный поиск; массовое распознавание,1,,0,,0,0.0,0.0,Manual Only
113,2014,Smirnov,,0,"распознавания, результатов распознавания, результатов, системы, документов, OCR, ошибок распознавания, оптического распознавания, OCR системы, ошибок",10,,0,0.0,0.0,YAKE Only
114,2014,Smorgunov,,0,"научение, сетевое научение, организации, научения, организационное научение, Электронное правительство, электронного правительства, сетевого научения, правительства, сети",10,,0,0.0,0.0,YAKE Only
115,2014,Soms,автоматическая обработка текстов; мониторинг СМИ; морфологический анализ; автоматическая класси-фикация текстов; кластерный анализ; проблем ложной корреляции; проблемы неоднозначности языковых единиц; тематическая атрибуция текстов,1,,0,,0,0.0,0.0,Manual Only
116,2014,Soms,,0,"показателей охвата, охвата, публикаций, охвата аудитории, показатели охвата, публикации, ключевых слов, охвата публикаций, новых публикаций, показателей",10,,0,0.0,0.0,YAKE Only
117,2014,Tarumova,,0,"Московского университета, российской печати, музей российской, печати, Виртуальный музей, Московского, Московские ведомости, Истории, периодических изданий, университета",10,,0,0.0,0.0,YAKE Only
118,2014,Trakhtenberg,,0,"информационных технологий, информационных систем, медицинских информационных, медицинских, информационных, систем, здравоохранения, медицинских систем, технологий, медицинских учреждений",10,,0,0.0,0.0,YAKE Only
119,2014,Vidyasova,,0,"открытых данных, данных, открытых, Российской Федерации, России, государственных данных, открытых государственных, открытого правительства, власти, Российской",10,,0,0.0,0.0,YAKE Only
120,2014,Vozmishcheva,,0,"английском языке, обучения, студентов, билингвистического обучения, английском, математики, высшей математики, студента, русском, языке",10,,0,0.0,0.0,YAKE Only
121,2014,Vtiurina,,0,"государственных услуг, электронного правительства, Единого портала, портала государственных, услуг, электронных услуг, портала, государственных, электронного, правительства",10,,0,0.0,0.0,YAKE Only
122,2014,Yatsenko,,0,"данных, атомной спектроскопии, спектральных данных, диаграмм Гротриана, систем, спектроскопии, ЭСА, атомной, Электронная структура, атомов",10,,0,0.0,0.0,YAKE Only
123,2014,Zakharov,выделение терминологии; корпусы текстов; терминологические словосочетания; коллокации; коллокаты; специальные тексты; меры ассоциации; синтагматическая связь; сочетаемость; система Sketch Engine; биграммы; структурные схемы номинативных конструкций,1,,0,,0,0.0,0.0,Manual Only
124,2014,Zakharov,,0,"мер ассоциации, мер, словарь, ассоциации, основе, Меры, основе мер, Sketch Engine, различных мер, основе различных",10,,0,0.0,0.0,YAKE Only
125,2014,Zalesskaya,коллокация; выявление коллокаций; меры ассоциации; статистические методы; автоматический анализ; программное обеспечение; обработка естественного языка; русский язык; сочетаемость слов; многословное выражение,1,,0,,0,0.0,0.0,Manual Only
126,2014,Zalesskaya,,0,"ключевого слова, мер ассоциации, коллокаций, выявления коллокаций, ассоциации, слова, сочетаний, встречаемости ключевого, тексте, мер",10,,0,0.0,0.0,YAKE Only
127,2015,Adaskina,"text classification, bootstrapping, machine learning.",3,,0,,0,0.0,0.0,Manual Only
128,2015,Adaskina,"классификация; машинное обучение; обучение с
частичным привлечением учителя.",1,,0,,0,0.0,0.0,Manual Only
129,2015,Adaskina,,0,"документов, классификации, выборки, параметров, просмотренных документов, задачи классификации, классификации текстов, связи, полноты, синтаксические связи",10,,0,0.0,0.0,YAKE Only
130,2015,Alexeeva,"Sentiment lexicon, web interface, crowdsourcing sentiment mark up,
Russian blogosphere, LiveJournal, test collection, topic modeling",7,,0,,0,0.0,0.0,Manual Only
131,2015,Alexeeva,"Словарь тональной лексики, веб-интерфейс,
краудсорсинг тональной разметки, российская блогосфера, «Живой
журнал», размеченная коллекция, тематическое моделирование",7,,0,,0,0.0,0.0,Manual Only
132,2015,Alexeeva,,0,"слов, словаря, текстов, вероятностных слов, документов, окрашенных слов, слова, социально-политической, словарь, коллекции",10,,0,0.0,0.0,YAKE Only
133,2015,Artemova,"Ontology, parsing, semantic classifier",3,,0,,0,0.0,0.0,Manual Only
134,2015,Artemova,"Онтологии, парсинг, семантический классификатор",3,,0,,0,0.0,0.0,Manual Only
135,2015,Artemova,,0,"паруса, Латинские паруса, Российской Федерации, Университет ИТМО, предметной области, слова, текстов, Таким образом, Латинские, терминов",10,,0,0.0,0.0,YAKE Only
136,2015,Belkin,"semantic network, knowledge domain, knowledge space, generating
principle, subject knowledge, professional knowledge, cognitive structure.",7,,0,,0,0.0,0.0,Manual Only
137,2015,Belkin,"семантическая сеть; область знаний; пространство
знаний, порождающий принцип; предметное знание; профессиональное
знание; когнитивная структура.",2,,0,,0,0.0,0.0,Manual Only
138,2015,Belkin,,0,"области знаний, знаний, области, Историческая демография, сети, элементарных знаний, Историческая, сети области, предметной области, сетей",10,,0,0.0,0.0,YAKE Only
139,2015,Boyarsky,"sentence analysis, collocations, parts of speech",3,,0,,0,0.0,0.0,Manual Only
140,2015,Boyarsky,"анализ предложения, обороты, словосочетания, части речи",4,,0,,0,0.0,0.0,Manual Only
141,2015,Boyarsky,,0,"следует сущ, сущ, стоит сущ, словосочетанием следует, прил, предлог, словосочетания стоит, словосочетанием, следует, стоит",10,,0,0.0,0.0,YAKE Only
142,2015,Erkimbaev,"ontology;
information model.

nanomaterials;

nano-object;

hierarchy

of

classes;",1,,0,,0,0.0,0.0,Manual Only
143,2015,Erkimbaev,"онтология; наноматериалы; нано-объекты; иерархия
классов; информационная модель.",1,,0,,0,0.0,0.0,Manual Only
144,2015,Erkimbaev,,0,"UDS, Онтологии, классов, свойств, рис, например, наноматериалов, области, ChEBI, описания",10,,0,0.0,0.0,YAKE Only
145,2015,Kanygin,"context-oriented ontology, document flow.",2,,0,,0,0.0,0.0,Manual Only
146,2015,Kanygin,"контекстно-ориентированная онтология, документооборот.",2,,0,,0,0.0,0.0,Manual Only
147,2015,Kanygin,,0,"РАН, РИД РАН, АСУ РИД, знания, ДОКТОР НАУК, ФАНО, ЖИТЕЛЬ ГОРОДА, НАУК, РИД, АСУ",10,,0,0.0,0.0,YAKE Only
148,2015,Leontyeva,"ontology; linguistic&information model; semantics; textual notions;
individual knowledge base for a user.",1,,0,,0,0.0,0.0,Manual Only
149,2015,Leontyeva,"онтология; информационная и лингвистическая
модели; область семантики; текстовые концепты; индивидуальные
знания.",1,,0,,0,0.0,0.0,Manual Only
150,2015,Leontyeva,,0,"текста, Онтологии, системы АПТ, АПТ, знаний, понимания текста, системы, Онтологии знаний, понимания, текстов",10,,0,0.0,0.0,YAKE Only
151,2015,Pevzner,"(information traffic, news traffic, news web sites, targeted advertising,
information profile)",5,,0,,0,0.0,0.0,Manual Only
152,2015,Pevzner,"информационные потоки; новостные потоки;
новостные веб-сайты; адресная реклама; информационный профиль.",1,,0,,0,0.0,0.0,Manual Only
153,2015,Pevzner,,0,"потока, ВАЛЕРИЯ РУБАШКИНА, СВЕТЛОЙ ПАМЯТИ, ПАМЯТИ МОЕГО, МОЕГО ДРУГА, ДРУЖЕСТВЕННОГО ОППОНЕНТА, ОППОНЕНТА ВАЛЕРИЯ, web sites, сообщения, пользователя",10,,0,0.0,0.0,YAKE Only
154,2015,Pronoza,"sentiment analysis, reviews about restaurants, machine learning,
recommender system.",4,,0,,0,0.0,0.0,Manual Only
155,2015,Pronoza,"анализ тональности; отзывы о ресторанах; машинное
обучение; рекомендательная система.",1,,0,,0,0.0,0.0,Manual Only
156,2015,Pronoza,,0,"анализа тональности, отзывов, признаков, анализа, аспектов, корпуса, корпуса отзывов, тональности отзывов, данной работе, анализа корпуса",10,,0,0.0,0.0,YAKE Only
157,2015,Salin,"hypertext structure, semantic clustering, finite automata, graph, webanalytics",5,,0,,0,0.0,0.0,Manual Only
158,2015,Salin,"гипертекстовая
структура;
семантическая кластеризация; конечный автомат; граф; веб-аналитика",1,,0,,0,0.0,0.0,Manual Only
159,2015,Salin,,0,"семантической кластеризации, кластеризации, гипертекстовой структуры, семантической, переходов, статистики переходов, гипертекстовой, кластеризации гипертекстовой, структуры, метод семантической",10,,0,0.0,0.0,YAKE Only
160,2015,Zakharov,"quantitative evaluation of linguistic data, corpora, big data, set
phrases, collocation dictionaries, association measures, diachronical research.",7,,0,,0,0.0,0.0,Manual Only
161,2015,Zakharov,"количественные методы в лингвистике; большие
данные; корпусы текстов; устойчивые словосочетания; меры
ассоциации; диахронические исследования.",1,,0,,0,0.0,0.0,Manual Only
162,2015,Zakharov,,0,"данных, русского языка, языка, больших, НКРЯ, Google Books, корпусов, данные, сочетаний, больших корпусов",10,,0,0.0,0.0,YAKE Only
163,2016,Azarova,"lexical statistics, thesaurus, linguistic ontology, WordNet, dictionary
integration.",5,,0,,0,0.0,0.0,Manual Only
164,2016,Azarova,"лексическая статистика, тезаурус, лингвистическая
онтология, WordNet, интеграция словарных данных.",5,,0,,0,0.0,0.0,Manual Only
165,2016,Azarova,,0,"PWN, русского языка, языка, YARN, ресурсов, тыс, данных, RussNet, тезаурус, проекта",10,,0,0.0,0.0,YAKE Only
166,2016,Godgildieva,"valency, valency dictionary, Russian, Verbalex.",4,,0,,0,0.0,0.0,Manual Only
167,2016,Godgildieva,"валентность, словарь валентностей, русский язык,
Verbalex.",4,,0,,0,0.0,0.0,Manual Only
168,2016,Godgildieva,,0,"русского языка, языка, Verbalex, русского, глагола, чешского языка, словаря, словаря валентностей, валентности, семантических ролей",10,,0,0.0,0.0,YAKE Only
169,2016,Khokhlova,"text corpora, web corpora, Russian National corpus, RuTenTen, Russian
Web corpus, big data.",6,,0,,0,0.0,0.0,Manual Only
170,2016,Khokhlova,"корпусы текстов, Интернет-корпусы,
RuTenTen, RussianWeb корпус, большие данные.",5,,0,,0,0.0,0.0,Manual Only
171,2016,Khokhlova,,0,"русского языка, Araneum Russicum, млн слов, русского, текстов, корпус, языка, слов, корпуса, тексты",10,,0,0.0,0.0,YAKE Only
172,2016,Masevich,"Google books Ngram Viewer, diachronic researches, frequency
fluctuations of words, culturomic.",4,,0,,0,0.0,0.0,Manual Only
173,2016,Masevich,"Google books Ngram Viewer, диахронические
исследования, частотные характеристики, культурометрия.",4,,0,,0,0.0,0.0,Manual Only
174,2016,Masevich,,0,"Ngram Viewer, Google books, частотного поведения, Books Ngram, лексических единиц, Google, русского языка, текстов, Войны, исследования",10,,0,0.0,0.0,YAKE Only
175,2016,Moskvina,"Natural Language Processing, Syntactic Analysis, Russian, NLTK.",4,,0,,0,0.0,0.0,Manual Only
176,2016,Moskvina,"автоматическая обработка текстов, синтаксический
анализатор, русский язык, NLTK.",4,,0,,0,0.0,0.0,Manual Only
177,2016,Moskvina,,0,"NUMBER, CASE, GENDER, NLTK, PERS, правила, синтаксического, грамматики, например, предложения",10,,0,0.0,0.0,YAKE Only
178,2016,Pivovarova,"translation of terminology, parallel corpora, term candidates, glossary of
terms, morphosyntactic patterns, automatic extraction of terminology.",6,,0,,0,0.0,0.0,Manual Only
179,2016,Pivovarova,"переводная терминология, параллельные корпусы
текстов, термины-кандидаты, переводной терминологический словарь,
морфосинтаксические шаблоны, автоматическое выделение терминов",6,,0,,0,0.0,0.0,Manual Only
180,2016,Pivovarova,,0,"Adj, корпуса текстов, текстов, переводных, корпуса, данного исследования, терминов-кандидатов, терминологических, термины, выделения",10,,0,0.0,0.0,YAKE Only
181,2016,Popov,"syntax parsing, phrase structure, dependency structure, weighted graph,
lexical collocation, CYK-algorithm.",6,,0,,0,0.0,0.0,Manual Only
182,2016,Popov,"синтаксический анализ, структуры составляющих,
структуры
зависимостей,
взвешенное
дерево,
лексическая
сочетаемость, алгоритм CYK.",6,,0,,0,0.0,0.0,Manual Only
183,2016,Popov,,0,"синтаксического анализа, синтаксической связи, структуры, анализа, CYK, вес, алгоритм CYK, составляющих, синтаксических связей, синтаксического",10,,0,0.0,0.0,YAKE Only
184,2017,Blinova,"Russian, webcorpus, RuTenTen, query parameters,
semantics, secondary meanings of plural, proper names, pejorative
plural, noun phrase, co-occurrence, quantifiers, sentiment analysis",12,,0,,0,0.0,0.0,Manual Only
185,2017,Blinova,"Русский язык, веб-корпус, RuTenTen, параметры поиска,
семантика, частные значения числа, имена собственные,
пейоративное множественное, сочетаемость, кванторные
слова, отрицательное мнение о людях, анализ тональности.",12,,0,,0,0.0,0.0,Manual Only
186,2017,Blinova,,0,"типа, Pl.Pej, именных групп, форм, множественного пейоративного, формы, сидоровых, множественного, групп, форм Pl.Pej",10,,0,0.0,0.0,YAKE Only
187,2017,Boyarsky,"Sentence analysis, collocations, morphological analysis,
parts of speech, lemmas, semantic classes.",6,,0,,0,0.0,0.0,Manual Only
188,2017,Boyarsky,"анализ предложения, словосочетания,
лексические обороты, морфологический анализ, части речи,
леммы, семантические классы.",7,,0,,0,0.0,0.0,Manual Only
189,2017,Boyarsky,,0,"словосочетание, ближайшем контексте, предлога, следует слово, сочетанием предлога, слово, является словосочетание, контексте, ним следует, Наречные обороты",10,,0,0.0,0.0,YAKE Only
190,2017,Dubovik,"style, classification, corpus linguistics, stylomet",4,,0,,0,0.0,0.0,Manual Only
191,2017,Dubovik,"стиль, классификация, корпусная лингвистика, стилеметрия,
типология.",5,,0,,0,0.0,0.0,Manual Only
192,2017,Dubovik,,0,"текстов, стиля, стилей, тексты, стиль, делового стиля, значение, существительное, текста, текстах",10,,0,0.0,0.0,YAKE Only
193,2017,Goryunova,"Оntologies, subject areas, modeling,, classes, attributes, queries, dictionaries
Scientific Degree, Position, Organization – Country.",10,,0,,0,0.0,0.0,Manual Only
194,2017,Goryunova,"онтологии, предметные области, моделирование, ,классы,атрибуты,запросы,словари",8,,0,,0,0.0,0.0,Manual Only
195,2017,Goryunova,,0,"предметной области, предметной, специализированной предметной, области, ЯЗЫКА UML, ОНТОЛОГИЙ, ИСПОЛЬЗОВАНИЕ ЯЗЫКА, связана, модели предметной, классификации онтологий",10,,0,0.0,0.0,YAKE Only
196,2017,Khokhlova,"Statistical tools, measures of association, bigrams, MI, LL,
MI3, minimum sensitivity, t-score.",8,,0,,0,0.0,0.0,Manual Only
197,2017,Khokhlova,"Статистический
аппарат,
ассоциации, биграммы, MI, LL, MI3, MS, t-score меры",8,,0,,0,0.0,0.0,Manual Only
198,2017,Khokhlova,,0,"мера, биграмм, меры, мер, сочетаний, результаты, количество, данная мера, количество сочетаний, наибольшее количество",10,,0,0.0,0.0,YAKE Only
199,2017,Kislov,"Chinese netspeak, computer-mediated communication,
wordplay, new Chinese characters.",4,,0,,0,0.0,0.0,Manual Only
200,2017,Kislov,"китайский язык, интернет-язык, языковая
игра, новые иероглифы.",4,,0,,0,0.0,0.0,Manual Only
201,2017,Kislov,,0,"вместо, китайском языке, букв, китайского языка, языка, китайском, языке, Китае, иероглифов, китайского",10,,0,0.0,0.0,YAKE Only
202,2017,Kriukova,"semantic similarity, semantic similarity measures, DKPro
Similarity, machine learning, computational linguistics.",5,,0,,0,0.0,0.0,Manual Only
203,2017,Kriukova,"семантическая близость, метрики
семантической близости, DKPro Similarity, машинное
обучение, компьютерная лингвистика",5,,0,,0,0.0,0.0,Manual Only
204,2017,Kriukova,,0,"близости текстов, текстов, семантической близости, близости, метрик близости, DKPro Similarity, Similarity, семантической, оценки, метрик",10,,0,0.0,0.0,YAKE Only
205,2017,Kurochkina,"Corpora, extraction of collocations, measures of
association",3,,0,,0,0.0,0.0,Manual Only
206,2017,Kurochkina,"корпуса, извлечение коллокаций,
меры ассоциации",3,,0,,0,0.0,0.0,Manual Only
207,2017,Kurochkina,,0,"коллокаций, Коллокации, устойчивых словосочетаний, слова, словарях, кандидаты, база, золотого стандарта, извлечения коллокаций, словосочетания",10,,0,0.0,0.0,YAKE Only
208,2017,Martynenko,"frequency dictionaries, everyday spoken language,
statistical consistency, statistical scales, sampling, dynamic series, rank
distribution, uniform distribution",8,,0,,0,0.0,0.0,Manual Only
209,2017,Martynenko,"частотные словари, повседневная
разговорная
речь,
статистическая
состоятельность,
статистические шкалы, выборка, динамические ряды,
ранговое распределение, равномерное распределение",8,,0,,0,0.0,0.0,Manual Only
210,2017,Martynenko,,0,"порядковых статистик, частотных словарей, объема выборки, объема, статистик, частотных, статистики, порядковых, словарей, выборки",10,,0,0.0,0.0,YAKE Only
211,2017,Masevich,"corpora of texts, diachronic studies, frequency of lexiсal units, models of words behavior, semantic
field.",5,,0,,0,0.0,0.0,Manual Only
212,2017,Masevich,"корпусы текстов, диахронические исследования, частотность
лексических единиц, модели частотного поведения, семантическое поле.",5,,0,,0,0.0,0.0,Manual Only
213,2017,Masevich,,0,"Аплодисменты, Google Books, Продолжительные аплодисменты, Бурные аплодисменты, видно, Санкт-Петербургский государственный, сталинские, частотного поведения, период, временной период",10,,0,0.0,0.0,YAKE Only
214,2017,Ogay,"lexicography, visualization, modelling, three-dimensional, biology, frequency
dictionary, diagram ,",8,,0,,0,0.0,0.0,Manual Only
215,2017,Ogay,"лексикография, визуализация, моделирование, трехмерный,
биология, частотный словарь, диаграмма",7,,0,,0,0.0,0.0,Manual Only
216,2017,Ogay,,0,"МОДЕЛИРОВАНИЕ СЛОВАРЕЙ, СЛОВАРЕЙ ОПИСАНИЙ, языковой информации, ОПИСАНИЙ ДОКЕМБРИЙСКИХ, частотных словарей, ВЯИ, информации, СЛОВАРЕЙ, частотные словари, информации Важной",10,,0,0.0,0.0,YAKE Only
220,2017,Popov,"anomaly detection, statistical analysis, syntactic relations, collocations analysis.",4,,0,,0,0.0,0.0,Manual Only
221,2017,Popov,"критерий аномальности, статистический анализ, синтаксические связи, анализ
коллокаций.",4,,0,,0,0.0,0.0,Manual Only
222,2017,Popov,,0,"ЧЕРНЫЕ ЛЕБЕДИ, слов, Задача, связей, ТЕКСТА, анализа, документов, аномалий, текстов, корпуса",10,,0,0.0,0.0,YAKE Only
217,2017,Popova,"oral speech, reduplication, pragmatics, approximation",4,,0,,0,0.0,0.0,Manual Only
218,2017,Popova,"устная речь, редупликация, прагматика,
аппроксимация",4,,0,,0,0.0,0.0,Manual Only
219,2017,Popova,,0,"устной речи, речи, единиц, единицы, такой-сякой, Таким образом, единицы такой-сякой, Беседа, Эхо Москвы, коллекции НКРЯ",10,,0,0.0,0.0,YAKE Only
223,2017,Sedova,"topic modelling, LDA, bigrams",3,,0,,0,0.0,0.0,Manual Only
224,2017,Sedova,"тематическое моделирование, LDA, биграммы",3,,0,,0,0.0,0.0,Manual Only
225,2017,Sedova,,0,"текстов, слов, корпуса текстов, биграмм, модели, корпуса, алгоритма, модель, тематической модели, слова",10,,0,0.0,0.0,YAKE Only
226,2017,Smirnova,"lexical database, Tibetan corpus, Tibetan noun-compounds,
linguistic picture of the world",4,,0,,0,0.0,0.0,Manual Only
227,2017,Smirnova,"лексическая база данных, тибетский
корпус, тибетские композиты-существительные, тибетская
языковая картина мира",4,,0,,0,0.0,0.0,Manual Only
228,2017,Smirnova,,0,"базе данных, лексической базе, данных, тибетском языке, лексической, базе, Например, языке, композитов, тибетском",10,,0,0.0,0.0,YAKE Only
229,2017,Sokolova,"automatic extraction of key words and phrases, KEA,
Russian text corpora",3,,0,,0,0.0,0.0,Manual Only
230,2017,Sokolova,"автоматическое выделение ключевых
слов и словосочетаний, RAKE, русскоязычные корпусы
текстов.",3,,0,,0,0.0,0.0,Manual Only
231,2017,Sokolova,,0,"ключевых слов, слов, KEA, слова, Ключевые слова, словосочетания, ключевых, работы, алгоритма KEA, работы KEA",10,,0,0.0,0.0,YAKE Only
232,2017,Temirova,"corpus linguistics, corpus, language family.",3,,0,,0,0.0,0.0,Manual Only
233,2017,Temirova,"корпусная лингвистика, корпус, языковая семья.",3,,0,,0,0.0,0.0,Manual Only
234,2017,Temirova,,0,"МГУ имени, АБУСУПЬЯНА АКАЕВА, языковая семья, КОРПУС, ИМЕНИ АБУСУПЬЯНА, КОРПУС ИМЕНИ, ПОЛИЛИНГВАЛЬНЫЙ КОРПУС, НАЦИОНАЛЬНЫЙ ПОЛИЛИНГВАЛЬНЫЙ, Москва Несмотря, корпуса",10,,0,0.0,0.0,YAKE Only
235,2017,Zaides,"corpus linguistics, oral speech, meta-communication, metacommunicative units, monologues",5,,0,,0,0.0,0.0,Manual Only
236,2017,Zaides,"корпусная лингвистика; устная речь;
метакоммуникация;
метакоммуникативные
единицы;
монологическая речь.",1,,0,,0,0.0,0.0,Manual Only
237,2017,Zaides,,0,"низкий УРК, УРК, высокий УРК, средний УРК, низкий, пересказ несюж., Метакоммуникативная вставка, пересказ сюж., экстр., пересказ",10,,0,0.0,0.0,YAKE Only
238,2017,Zakharov,"prepositions, the Russian language, semantics, syntactic
structures, context, lexical and syntactic markers.",6,,0,,0,0.0,0.0,Manual Only
239,2017,Zakharov,"предлоги, русский язык, семантика,
синтаксические
отношения,
контекст,
лексикосемантические маркеры.",6,,0,,0,0.0,0.0,Manual Only
240,2017,Zakharov,,0,"предлогов, русского языка, значения, значения предлогов, первообразных предлогов, текста, языка, семантики предлогов, значения предлога, семантических",10,,0,0.0,0.0,YAKE Only
241,2018,Azarova,"corpus lexical statistics, semantic domain, Russian prepositional constructions,
transitive prepositional constructions, temporal constructions, mediative constructions",6,,0,,0,0.0,0.0,Manual Only
242,2018,Azarova,"Russian prepositions ‧ Prepositional constructions ‧ Preosition
meaning ‧ Transitive constructions‧ Temporal constructions ‧ Mediative constructions",1,,0,,0,0.0,0.0,Manual Only
243,2018,Azarova,,0,"предложных конструкций, предлогов, сквозь, ipm, конструкций, предложных, Предлог, производных предлогов, Производный предлог, предлога",10,,0,0.0,0.0,YAKE Only
244,2018,Belov,"Legal Corpora, Official Texts, Corpus of Russian Internal Documents, Socially
Important Domains",4,,0,,0,0.0,0.0,Manual Only
245,2018,Belov,"корпус русских локальных документов, официально-деловые
тексты, типы текстов, социально-значимые домены (здравоохранение,
образование, культура)",6,,0,,0,0.0,0.0,Manual Only
246,2018,Belov,,0,"текстов, русского языка, документов, Корпус, документы, правила, локальных документов, языка, правила поведения, например",10,,0,0.0,0.0,YAKE Only
247,2018,Boikov,"automated rhyme search, information-analytical system, phonetic word model,
verse mark up, specification of verse text, thesaurus of poetics, accuracy and richness of rhyme,
formal language of verse description",8,,0,,0,0.0,0.0,Manual Only
248,2018,Boikov,"автоматический поиск рифмы, информационно-аналитическая
система, модель фонетического слова, разметка стиха, созвучие, спецификация
стихового текста, тезаурус по поэтологии, точность и богатство рифмы, формальный
язык стиха.",9,,0,,0,0.0,0.0,Manual Only
249,2018,Boikov,,0,"стихового текста, рифмующихся слов, согласных, рифмы, рифма, слов, текста, кортежей согласных, гласных, стихового",10,,0,0.0,0.0,YAKE Only
250,2018,Chekmeneva,"corpus linguistics, frequency of lexical units, Russian National Corpus, colors,
Berlin and Kay theory, basic color terms, synesthetic metaphors",7,,0,,0,0.0,0.0,Manual Only
251,2018,Chekmeneva,"корпусы текстов, частотность лексических единиц, поэтический
корпус НКРЯ, прилагательные обозначающие цвета, теория базовых обозначений
цвета Берлина и Кэя, синестетическая метафора",6,,0,,0,0.0,0.0,Manual Only
252,2018,Chekmeneva,,0,"цвет, сочетания, цвета, красный, метафоры, частотными оказались, белый, синий, фиолетовый, слово",10,,0,0.0,0.0,YAKE Only
253,2018,Karyaeva,"thesaurus, semantic relations, data mining, knowledge acquisition, domain
engineering, machine learning, word2vec",7,,0,,0,0.0,0.0,Manual Only
254,2018,Karyaeva,"тезаурус, семантические отношения, data mining, knowledge
acquisition, domain engineering, machine learning, word2vec",7,,0,,0,0.0,0.0,Manual Only
255,2018,Karyaeva,,0,"Википедии, отношений, отношения, извлечения, Отношение, предметной области, терминов, извлечения отношений, отношения меронимии, русской Википедии",10,,0,0.0,0.0,YAKE Only
256,2018,Khokhlova,"Collocability, collocations, dictionaries, database, text corpora, statistics",6,,0,,0,0.0,0.0,Manual Only
257,2018,Khokhlova,"Сочетаемость, коллокации, словари, база данных, корпусы
текстов, статистика",6,,0,,0,0.0,0.0,Manual Only
258,2018,Khokhlova,,0,"данных, сочетаемости, база данных, языка, русского языка, словосочетания, token start, слов, представлены, база",10,,0,0.0,0.0,YAKE Only
259,2018,Kirillova,"morphological tagging, morphological disambiguation, NLTK4RUSSIAN, text
corpora",4,,0,,0,0.0,0.0,Manual Only
260,2018,Kirillova,"морфологический анализ, разрешение морфологической
неоднозначности, NLTK4RUSSIAN, корпусы русскоязычных текстов",4,,0,,0,0.0,0.0,Manual Only
261,2018,Kirillova,,0,"NLTK, разметки, Universal Dependencies, морфоанализатора, Dialogue Evaluation, НКРЯ, текстов, работы морфоанализатора, частеречной разметки, OpenCorpora",10,,0,0.0,0.0,YAKE Only
262,2018,Kogan,"corpus linguistics, lexical bundles, academic formulas and word list, English academic
discourse, Kod.ING corpus, German for specific purposes",6,,0,,0,0.0,0.0,Manual Only
263,2018,Kogan,"корпусная лингвистика, устойчивые сочетания, лексические
пучки, списки частотных слов и выражений, английский научный дискурс, Kod.ING
корпус, немецкий для специальных целей.",7,,0,,0,0.0,0.0,Manual Only
264,2018,Kogan,,0,"слов, лексических пучков, частотных слов, the, лексических, языка, специальных целей, корпуса, пучков, частотных лексических",10,,0,0.0,0.0,YAKE Only
265,2018,Martynenko,"Russian language, Russian literature, story, revolutionary era, computer
anthology, first third of the 20th century",6,,0,,0,0.0,0.0,Manual Only
266,2018,Martynenko,"русский язык, русская литература, рассказ, революционная эпоха,
компьютерная антология, первая треть XX века",6,,0,,0,0.0,0.0,Manual Only
267,2018,Martynenko,,0,"антологии русского, антологии, русского, русского языка, русского рассказа, языка, русской, рассказа, русской формальной, литературы",10,,0,0.0,0.0,YAKE Only
268,2018,Masevich,"corpora, diachronic studies, political names, political terms, methodology,
Google Books Ngram Viewer",6,,0,,0,0.0,0.0,Manual Only
269,2018,Masevich,"корпусная лингвистика, имена поличических деятелей, частоты,
вариативность, система Google books Ngram Viewer",5,,0,,0,0.0,0.0,Manual Only
270,2018,Masevich,,0,"Google Books, Winston Churchill, Ngram Viewer, Books Ngram, Churchill, рис, частотного поведения, имен, рис., кривые",10,,0,0.0,0.0,YAKE Only
271,2018,Mikoni,"concept, relationship, relations, role, genus, species, part, aggregate, whole,
generalization, aggregation, instrumental relations, influence relations",13,,0,,0,0.0,0.0,Manual Only
272,2018,Mikoni,"понятие, отношение, связь, роль, род, вид, часть, агрегат, целое,
обобщение, агрегация, инструментальная связь, связь-влияние.",13,,0,,0,0.0,0.0,Manual Only
273,2018,Mikoni,,0,"понятия, понятий, Понятие, связи, содержание понятия, является, Отношение, связь, деления, abi",10,,0,0.0,0.0,YAKE Only
274,2018,Mochalova,"question-answer systems, ontologies, automatic text processing, Drools,
SPARQL, Apache Jena.",6,,0,,0,0.0,0.0,Manual Only
275,2018,Mochalova,"вопросно-ответные системы, онтологии,
автоматическая обработка текста, Drools, SPARQL, Apache Jena.",6,,0,,0,0.0,0.0,Manual Only
276,2018,Mochalova,,0,"текста, онтологии, itfru, системы, вопросно-ответной системы, частей текста, обработки текста, ПРИЗНАК, ДЕЙСТВИЕ, СИМВОЛ",10,,0,0.0,0.0,YAKE Only
277,2018,Raikov,"big data, deep learning, quantum semantics, cognitive modelling, convergent
approach",5,,0,,0,0.0,0.0,Manual Only
278,2018,Raikov,"большие данные, глубокое обучение, квантовая семантика,
когнитивное моделирование, конвергентный подход",5,,0,,0,0.0,0.0,Manual Only
279,2018,Raikov,,0,"когнитивной модели, модели, когнитивной, настоящей работе, принятия решения, решения, данных, глубокого обучения, документов, факторов",10,,0,0.0,0.0,YAKE Only
280,2018,Sagmanova,"interrogative utterance, oral speech, dialogic speech.
Guzel Sagmanova,",4,,0,,0,0.0,0.0,Manual Only
281,2018,Sagmanova,"вопросительная реплика, устная речь, диалогическая речь.",3,,0,,0,0.0,0.0,Manual Only
282,2018,Sagmanova,,0,"ВОПРОСИТЕЛЬНЫХ РЕПЛИК, РЕПЛИК, КРАТКИХ ВОПРОСИТЕЛЬНЫХ, ВОПРОСИТЕЛЬНЫХ, ОСОБЕННОСТИ РЕАЛИЗАЦИИ, РЕАЛИЗАЦИИ КРАТКИХ, РЕЧИ, реализации вопросительных, устной речи, ДИАЛОГИЧЕСКОЙ РЕЧИ",10,,0,0.0,0.0,YAKE Only
283,2018,Sampetova,"automatic correction of typos, Levenstein distance, n-gram model",3,,0,,0,0.0,0.0,Manual Only
284,2018,Sampetova,"автоматическое исправление опечаток, расстояние Левенштейна, n-граммная модель",3,,0,,0,0.0,0.0,Manual Only
285,2018,Sampetova,,0,"ИСПРАВЛЕНИЯ ОПЕЧАТОК, АВТОМАТИЧЕСКОГО ИСПРАВЛЕНИЯ, РЕАЛИЗАЦИЯ АЛГОРИТМА, ОПЕЧАТОК, ИСПРАВЛЕНИЯ, АЛГОРИТМА, АВТОМАТИЧЕСКОГО, слово, слова, РУССКОЯЗЫЧНЫХ ТЕКСТАХ",10,,0,0.0,0.0,YAKE Only
286,2018,Shukshina,"corpus linguistics, color terms, the Russian language, lexico-semantic group",4,,0,,0,0.0,0.0,Manual Only
287,2018,Shukshina,"корпусная лингвистика, цветовые термины, названия цветов,
русский язык, лексико-семантическая группа",5,,0,,0,0.0,0.0,Manual Only
288,2018,Shukshina,,0,"основных цветов, русского языка, слова, слов, цвета, употребления, цветов, группы, значений, основных",10,,0,0.0,0.0,YAKE Only
289,2019,Antipenko,"Distributional Semantics, Corpus Linguistics, social networks, associative
experiment, language consciousness, Russian",6,,0,,0,0.0,0.0,Manual Only
290,2019,Antipenko,"дистрибутивная семантика, корпусная лингвистика, социальные
сети, ассоциативный эксперимент, языковое сознание, русский язык",6,,0,,0,0.0,0.0,Manual Only
291,2019,Antipenko,,0,"русского языка, РАС, языка, слов, слова, РДТ, сети Facebook, Facebook, данных, русского",10,,0,0.0,0.0,YAKE Only
292,2019,Boikov,"verse, verse segmentation, syllabic volume of a verse segment, inter-ictic interval,
meter-generating verse period, verse meter, verse meter regulatives",7,,0,,0,0.0,0.0,Manual Only
293,2019,Boikov,"стих, сегментация стиха, слоговой объем сегмента стиха,
междуиктовый интервал, метрообразующий период стиха, метр стиха, регулятивы
стихового метра.",7,,0,,0,0.0,0.0,Manual Only
294,2019,Boikov,,0,"имеет место, слоговым объемом, min, max, икте, Объемные показатели, междуиктовых интервалов, Стих, место ударение, слова",10,,0,0.0,0.0,YAKE Only
295,2019,Boyarsky,"toponyms, ambiguity, text analysis, parser, marker words",5,,0,,0,0.0,0.0,Manual Only
296,2019,Boyarsky,"топонимы, омонимия, анализ текста, парсер, маркерные слова",5,,0,,0,0.0,0.0,Manual Only
297,2019,Boyarsky,,0,"слово, прописной буквы, слова, словаре, слов, некоторых случаях, случаях, целевое слово, топонимов, название",10,,0,0.0,0.0,YAKE Only
298,2019,Chekmeneva,"corpus linguistics, metaphor, conceptual metaphor, cognitive metaphor, corpus of
texts",5,,0,,0,0.0,0.0,Manual Only
299,2019,Chekmeneva,"корпусная лингвистика, корпус текстов, метафора,
концептуальная метафора, музыковедческий дискурс",5,,0,,0,0.0,0.0,Manual Only
300,2019,Chekmeneva,,0,"области цели, Метафора, области, метафоры, музыка, слова, является, области источника, цели, Метафора является",10,,0,0.0,0.0,YAKE Only
301,2019,Ivanova,"computer wargames, language, content analysis, verbs, rhetoric",5,,0,,0,0.0,0.0,Manual Only
302,2019,Ivanova,"военные видеоигры, язык, контент-анализ, глаголы, риторика",5,,0,,0,0.0,0.0,Manual Only
303,2019,Ivanova,,0,"игры, глаголы, США, мировой войны, Первой мировой, Видеоигры, видеоигр, военные игры, войны, играх",10,,0,0.0,0.0,YAKE Only
304,2019,Khokhlova,"verbal collocations, text corpus, statistics, dictionaries, association measures,
evaluation",6,,0,,0,0.0,0.0,Manual Only
305,2019,Khokhlova,"глагольные коллокации, корпус текстов, статистика, словари,
меры ассоциации, оценка",6,,0,,0,0.0,0.0,Manual Only
306,2019,Khokhlova,,0,"результаты, мер, словосочетаний, меры, совместной встречаемости, коллокации, Фишера, мер ассоциации, данных, например",10,,0,0.0,0.0,YAKE Only
307,2019,Komarova,"corpus linguistics, English phraseology, corpus COCA, search query, verification of
phraseologisms, frequency, canonical form, typical transformations, didactic materials",9,,0,,0,0.0,0.0,Manual Only
308,2019,Komarova,"корпусная лингвистика, английская фразеология, корпус СОСА,
поисковый запрос, верификация фразеологизмов, частотность, нормативный вид,
типичные трансформации, дидактические материалы",9,,0,,0,0.0,0.0,Manual Only
309,2019,Komarova,,0,"корпусе, фразеологизмов, корпусе СОСА, поиска, фразеологических единиц, единиц, идиоматических выражений, языка, СОСА, корпусной лингвистики",10,,0,0.0,0.0,YAKE Only
310,2019,Martynenko,"Russian short story, rank distributions, rank average, concentration index, syntactic
figures, right and left width, bush symmetry, mirror symmetry, gold symmetry, Behaghel's law",10,,0,,0,0.0,0.0,Manual Only
311,2019,Martynenko,"русский рассказ, ранговые распределения, ранговое среднее,
индекс концентрации, синтаксические фигуры, правая и левая ширина, симметрия
куста, зеркальная симметрия, золотая симметрия, закон Бехагеля",10,,0,,0,0.0,0.0,Manual Only
312,2019,Martynenko,,0,"предложения, членов предложения, фигур, табл, синтаксических фигур, Мартыненко, Бехагеля, предложения следует, структуры, членов",10,,0,0.0,0.0,YAKE Only
313,2019,Masevich,"сolor adjectives, classification, semantic field, distributive statistical analysis",4,,0,,0,0.0,0.0,Manual Only
314,2019,Masevich,"прилагательные цвета, классификация, семантическое поле,
дистрибутивно-статистический анализ",4,,0,,0,0.0,0.0,Manual Only
315,2019,Masevich,,0,"прилагательных цвета, цвета, прилагательных, семантического поля, поля, семантических полей, семантическое поле, поле, полей, семантических",10,,0,0.0,0.0,YAKE Only
316,2019,Mikoni,"definition of the concept, verb valence, derivational nest, control, stability, type of
connection, semantic network",7,,0,,0,0.0,0.0,Manual Only
317,2019,Mikoni,"определение понятия, валентность глагола, словообразовательное
гнездо, управление, устойчивость, тип связи, семантическая сеть",7,,0,,0,0.0,0.0,Manual Only
318,2019,Mikoni,,0,"управления, объекта управления, понятия, объекта, понятий, является, объект, система управления, субъект управления, определения",10,,0,0.0,0.0,YAKE Only
319,2019,Moskvina,"Russian prepositions, prepositional phrases, semantics of prepositions, corpus
linguistics, databases",5,,0,,0,0.0,0.0,Manual Only
320,2019,Moskvina,"русские предлоги, предложные конструкции, значения предлогов,
корпусная лингвистика, база данных",5,,0,,0,0.0,0.0,Manual Only
321,2019,Moskvina,,0,"предлогов, данных, базы данных, предложных конструкций, конструкций, предлога, предложных, значения, базы, значения предлогов",10,,0,0.0,0.0,YAKE Only
322,2019,Perminov,"Domain Ontology, Web User Interfaces, Usability Engineering, Computational
Interaction",4,,0,,0,0.0,0.0,Manual Only
323,2019,Perminov,"Прикладная онтология, Пользовательские веб-интерфейсы,
Юзабилити, Статическое тестирование",4,,0,,0,0.0,0.0,Manual Only
324,2019,Perminov,,0,"метрик, Атрибут, интерфейса, является, взаимодействия, интерфейс, онтология, области, количество, OWL",10,,0,0.0,0.0,YAKE Only
325,2019,Popova,"colloquial speech, corpus data, discourse, pragmatics, pragmatic markers, pragmatic
annotation, metacommunication, metacommunicative markers, social role, linguistic correlates",10,,0,,0,0.0,0.0,Manual Only
326,2019,Popova,"устная речь, корпус, дискурс, прагматическое аннотирование,
прагматические маркеры, метакоммуникация, метакоммуникативы, социальная роль,
лингвистические корреляты",9,,0,,0,0.0,0.0,Manual Only
327,2019,Popova,,0,"прагматических маркеров, речи, маркеров, прагматических, говорящего, роли, корпусных данных, устной речи, единиц, социальных",10,,0,0.0,0.0,YAKE Only
328,2019,Zhang,language picture of the world; concept; knowledge visualization; mind map,1,,0,,0,0.0,0.0,Manual Only
329,2019,Zhang,"языковая картина мира, концепт, визуализация знаний, интеллекткарта",4,,0,,0,0.0,0.0,Manual Only
330,2019,Zhang,,0,"империя, русского языка, языка, Толковый словарь, семантических полей, интеллект-карты, Словарь русского, словарь, Sketch Engine, является",10,,0,0.0,0.0,YAKE Only
331,2020,Bakhvalov,"grammar check, automatic error correction, rule generation, rule-based, error detection",5,,0,,0,0.0,0.0,Manual Only
332,2020,Bakhvalov,"проверка правописания, автоматическое исправление ошибок, генерация правил, детектирование ошибок",4,,0,,0,0.0,0.0,Manual Only
333,2020,Bakhvalov,,0,"ошибок, данных, правил, генерации правил, правила, набора данных, правило, ошибки, генерации, набора",10,,0,0.0,0.0,YAKE Only
334,2020,Grebennikov,"text corpus, Russian short stories, stylometry, frequency dictionary, frequency distribution",5,,0,,0,0.0,0.0,Manual Only
335,2020,Grebennikov,"корпус текстов, русский рассказ, стилеметрия, частотный словарь, распределение частот",5,,0,,0,0.0,0.0,Manual Only
336,2020,Grebennikov,,0,"русского языка, языка, рассказов, русских рассказов, целом, русского, Корпуса, словарей, частотных, слов",10,,0,0.0,0.0,YAKE Only
337,2020,Khokhlova,verbal collocations; noun collocations; machine learning; algorithms; text corpora; Russian language,1,,0,,0,0.0,0.0,Manual Only
338,2020,Khokhlova,"глагольные коллокации, атрибутивные коллокации, машинное обучение, алгоритмы, корпусы текстов, русский язык",6,,0,,0,0.0,0.0,Manual Only
339,2020,Khokhlova,,0,"машинного обучения, словосочетаний, слова, машинного, обучения, русского языка, коллокаций, Методы, слов, лексических конструкций",10,,0,0.0,0.0,YAKE Only
340,2020,Korablinov,"NLP, question answering, knowledge base, knowledge graph, entity linking, crowdsourcing",6,,0,,0,0.0,0.0,Manual Only
341,2020,Korablinov,"вопросно-ответный поиск, базы знаний, графы знаний, сопоставление сущностей, краудсорсинг",5,,0,,0,0.0,0.0,Manual Only
342,2020,Korablinov,,0,"сущностей, вопросно-ответного поиска, знаний, сущности, данных, базам знаний, является, кандидатов, список, списка",10,,0,0.0,0.0,YAKE Only
343,2020,Kuznetsova,"English for specific purposes, linguistic corpora, biotechnology, context, professional vocabulary acquisition",5,,0,,0,0.0,0.0,Manual Only
344,2020,Kuznetsova,"английский для специальных целей, биотехнология, лингвистические корпусы, контекст, освоение специальной лексики",5,,0,,0,0.0,0.0,Manual Only
345,2020,Kuznetsova,,0,"корпуса NOW, NOW, корпуса, специальных целей, слов, корпусов, Биотехнология, студентов, СОСА, обучения",10,,0,0.0,0.0,YAKE Only
346,2020,Mikoni,"word, meaning, concept, model, property, basis, function, operation, structure, relation, argument",11,,0,,0,0.0,0.0,Manual Only
347,2020,Mikoni,"слово, смысл, понятие, модель, свойство, базис, функция, операция, структура, отношение, аргумент.",11,,0,,0,0.0,0.0,Manual Only
348,2020,Mikoni,,0,"определения понятия, понятия, менеджмент качества, определения, слова, качества, понятий, менеджмент, подход, слов",10,,0,0.0,0.0,YAKE Only
349,2020,Rogov,"text attribution, corpus linguistics, F. M. Dostoevsky, strong positions of the text, decision tree, n-gram, partial distribution",7,,0,,0,0.0,0.0,Manual Only
350,2020,Rogov,"атрибуция текстов, корпусная лингвистика, Ф. М. Достоевский, сильные позиции текста, дерево решений, n-грамма, частеречное распределение",7,,0,,0,0.0,0.0,Manual Only
351,2020,Rogov,,0,"текста, текстов, частей речи, сильных позициях, речи, Достоевский, позиций текста, сильных, сильных позиций, существительное",10,,0,0.0,0.0,YAKE Only
352,2020,Sokolova,"discourse annotation, rhetoric structure theory, rhetoric relations",3,,0,,0,0.0,0.0,Manual Only
353,2020,Sokolova,"корпус с дискурсивной разметкой, теория риторических структур, риторические отношения",3,,0,,0,0.0,0.0,Manual Only
354,2020,Sokolova,,0,"например, корпуса Ru-RSTreebank, текстов, Ru-RSTreebank, текста, Высшая школа, отношений, отношения, корпуса, разметки",10,,0,0.0,0.0,YAKE Only
355,2021,Antopolskii,"Linguistic information resources, infrastructure, CLARIN. development program,
services, LLOD",5,,0,,0,0.0,0.0,Manual Only
356,2021,Antopolskii,"Лингвистические информационные ресурсы, инфраструктура,
CLARIN. программа развития, сервисы, LLOD",5,,0,,0,0.0,0.0,Manual Only
357,2021,Antopolskii,,0,"ЛИР, CLARIN, российских ЛИР, данных, области ЛИР, Количество ЛИР, например, использование ЛИР, Лингвистические, созданию ЛИР",10,,0,0.0,0.0,YAKE Only
358,2021,Boyarsky,"automatic text analysis, homonymy, lexical phrases, prepositional groups",4,,0,,0,0.0,0.0,Manual Only
359,2021,Boyarsky,"автоматический анализ текста, омонимия, словосочетания,
лексические обороты, предложные группы",5,,0,,0,0.0,0.0,Manual Only
360,2021,Boyarsky,,0,"предложные обороты, слов, обороты, фраземы, оборотов, например, сочетанием слов, предложных оборотов, является, предложные",10,,0,0.0,0.0,YAKE Only
361,2021,Chizhik,"topic modeling, text embeddings, LDA, LSA",4,,0,,0,0.0,0.0,Manual Only
362,2021,Chizhik,"тематическое моделирование, векторная модель, латентный
семантический анализ, латентное размещение Дирихле, LDA, LSA",6,,0,,0,0.0,0.0,Manual Only
363,2021,Chizhik,,0,"слов, данных, LDA, LSA, количество слов, набор данных, тематического моделирования, темы, количество, набор",10,,0,0.0,0.0,YAKE Only
364,2021,Golitsina,"text processing, fact extraction, ontology, taxonomy of relationships, definition of
concepts",5,,0,,0,0.0,0.0,Manual Only
365,2021,Golitsina,"обработка текста, извлечение фактов, онтология, таксономия
отношений, определение понятий",5,,0,,0,0.0,0.0,Manual Only
366,2021,Golitsina,,0,"элементарных фактов, определений понятий, отношений, поискового образа, например, Определение понятия, определений, элементарных, связь, текста",10,,0,0.0,0.0,YAKE Only
367,2021,Maksimov,"semantic search, text processing, graph representations of ontologies, search
mechanism, aspect projection",5,,0,,0,0.0,0.0,Manual Only
368,2021,Maksimov,"семантический поиск, обработка текста, графовые представления
онтологий, механизм поиска, аспектная проекция",5,,0,,0,0.0,0.0,Manual Only
369,2021,Maksimov,,0,"поиска, онтологии, позволяет, информационного поиска, вершин, механизмов поиска, графа онтологии, текста, механизма поиска, решения",10,,0,0.0,0.0,YAKE Only
370,2021,Mengliev,"morphological analyzer, Uzbek language, grammeme, derivative, quasigrammeme",5,,0,,0,0.0,0.0,Manual Only
371,2021,Mengliev,"морфологический анализатор, узбекский язык, граммема,
дериватема, квазиграммема",5,,0,,0,0.0,0.0,Manual Only
372,2021,Mengliev,,0,"узбекского языка, языка, узбекского, морфологического анализатора, база данных, морфологического, данных, морфоанализатора узбекского, анализатора, билан",10,,0,0.0,0.0,YAKE Only
373,2021,Mikoni,"text, word, meaning, concept, understanding, false-orienting term, neutral term.",7,,0,,0,0.0,0.0,Manual Only
374,2021,Mikoni,"слово, смысл, понятие, понимание, ложно-ориентирующий термин,
нейтральный термин",6,,0,,0,0.0,0.0,Manual Only
375,2021,Mikoni,,0,"понимания, понятия, является, термин, текста, определение понятия, Смысл, термина, слова, слово",10,,0,0.0,0.0,YAKE Only
376,2022,ChizhikEgorov,,0,"симптомов, пользователя, Егоров Введение, Мультимодальные интеллектуальные, интеллектуальные ассистенты, данных, данные, задачи, взаимодействия, пациента",10,,0,0.0,0.0,YAKE Only
377,2022,ChizhikEgorov,"чат-бот, человеко-машинный диалог, векторизация текста, интента",4,,0,,0,0.0,0.0,Manual Only
380,2022,ChizhikMelnikova,,0,"данных, данные, текстовых данных, медицинских данных, медицинских, Датасет, информации, симптомов, Обработка текстовой, естественном языке",10,,0,0.0,0.0,YAKE Only
381,2022,ChizhikMelnikova,"датасет, NER, анализ текста",3,,0,,0,0.0,0.0,Manual Only
378,2022,ChizhikMelnikovaZakharov,,0,"социального настроения, данных, тональности комментариев, настроения, настроение, тональности, комментариев, социальное настроение, Рис, является",10,,0,0.0,0.0,YAKE Only
379,2022,ChizhikMelnikovaZakharov,"эмоциональное картирование, тематическое моделирование, оценка тональности, векторизация текста",4,,0,,0,0.0,0.0,Manual Only
382,2022,Kogan,,0,"корпусной лингвистики, корпусной, подходов корпусной, лингвистики, ООР, области корпусной, корпусов, корпуса, онлайн корпусов, корпусной лингводидактики",10,,0,0.0,0.0,YAKE Only
383,2022,Kogan,"ООР, онлайн корпуса, корпусная лингводидактика, дидактические материалы, повышение квалификации",5,,0,,0,0.0,0.0,Manual Only
384,2022,Maksimov,,0,"смысл, множество, например, объекта, рис, граф, текста, объект, значение, набор",10,,0,0.0,0.0,YAKE Only
385,2022,Maksimov,"семантика, смысл, семантическая информация",3,,0,,0,0.0,0.0,Manual Only
386,2022,Solovyev,,0,"русского языка, языка, слов, русского, машинное обучение, респондентов, обоих видов, Методика создания, создания семантических, словарь",10,,0,0.0,0.0,YAKE Only
387,2022,Solovyev,"словари русского языка, опросы носителей языка, машинное обучение, конкретность, абстрактность, позитивность, негативность",7,,0,,0,0.0,0.0,Manual Only
388,2022,Vissio,,0,"русских заимствований, якутского языка, заимствований, языка, Рис, русских, модели, якутского, словоформ, якутских",10,,0,0.0,0.0,YAKE Only
389,2022,Vissio,"якутский язык, русские заимствования, идентификация языка, 3-граммы, лексикография",5,,0,,0,0.0,0.0,Manual Only
390,2023,Bikova,,0,"эмо, текст, дзи, лемматизированный текст, пунктуацией, Logistic Regression, текста, пунктуации, BoW, лемматизированный",10,,0,0.0,0.0,YAKE Only
391,2023,Bikova,"анализ эмоций, эмоциональная окраска текста, эмо́дзи, машинное обучение, нейронные сети",5,,0,,0,0.0,0.0,Manual Only
394,2023,Chizhik,,0,"точки зрения, текстов, Таким образом, векторизации, анализа тональности, анализа, данных, тональности, социальных, слов",10,,0,0.0,0.0,YAKE Only
395,2023,Chizhik,"векторизация текстов, анализ тональности, социальные медиа",3,,0,,0,0.0,0.0,Manual Only
392,2023,ChizhikEgorov,,0,"рис, данных, симптомов, пациентов, Поэтому, симптома, модель, модели, является, логистической регрессии",10,,0,0.0,0.0,YAKE Only
393,2023,ChizhikEgorov,"здравоохранение, разговорный ИИ, языковые модели, человеко-машинный диалог",4,,0,,0,0.0,0.0,Manual Only
396,2023,Gavrilkina,,0,"отношений, ролей, роль, сущностей, роли, идентификации ролей, ролей сущностей, Причина, определена роль, сущности",10,,0,0.0,0.0,YAKE Only
397,2023,Gavrilkina,"семантические роли, информационный поиск, автоматическая обработка текста, полнотекстовое индексирование",4,,0,,0,0.0,0.0,Manual Only
398,2023,Khodorkovsky,,0,"сущности, информации, информация, Сведения, системы, свойства, деятельности, деятельности системы, свойства сущности, обозначение",10,,0,0.0,0.0,YAKE Only
399,2023,Khodorkovsky,"сведения, информация, информационная коммуникация, данные, сигнал, преобразование информации, потенциальная информация",7,,0,,0,0.0,0.0,Manual Only
400,2023,Lokalina,,0,"слова, слова вообще, Рис, конструкции, отсловасовсем, языка, рис., вообще, контекст, сказуемое",10,,0,0.0,0.0,YAKE Only
401,2023,Lokalina,"типические конструкции, устойчивая модель, интенсификатор, омонимия, конструкция",5,,0,,0,0.0,0.0,Manual Only
402,2023,Maksimov,,0,"информации, информация, Свойства информации, свойства, свободной информации, свойство, взаимодействия, области, которое, связанной информации",10,,0,0.0,0.0,YAKE Only
403,2023,Maksimov,"фундаментальные свойства информации, атрибутивные свойства информации, прагматические свойства информации, свободная информация, связанная информация, информационные взаимодействия",6,,0,,0,0.0,0.0,Manual Only
404,2023,Melnichuk,,0,"русском языке, текста, текстов, модель, слов, суммаризации, Модели, BLEU, русском, языке",10,,0,0.0,0.0,YAKE Only
405,2023,Melnichuk,"NLP, суммаризация, mBART, T5, GPT-3",5,,0,,0,0.0,0.0,Manual Only
406,2023,Tatur,,0,"названия, базы отдыха, оценок, названия торговой, сфере, торговой марки, неймингов, сфер, нейминга, сферах",10,,0,0.0,0.0,YAKE Only
407,2023,Tatur,"классификация текстов, бренд, нейминг",3,,0,,0,0.0,0.0,Manual Only
408,2024,Belkin,отзывы пациентов поликлиник; открытые данные; Яндекс Карты; веб-скрапинг; естественная обработка языка; анализ тональности; тематическое моделирование,1,,0,,0,0.0,0.0,Manual Only
409,2024,Belkin,,0,"данных, отзывов, данные, отзывы, анализа тональности, набор данных, пользователей, тональности, количество, отзывах",10,,0,0.0,0.0,YAKE Only
410,2024,MitrofanovaAdamova,"корпусная  лингвистика,  материалы  конференций,  разметка, ключевые слова, аннотации, тематическая разметка, именованные сущности",7,,0,,0,0.0,0.0,Manual Only
411,2024,MitrofanovaAdamova,,0,"ключевых выражений, текстов, ключевых, IMS, корпуса, выражений, IMS CompLing, корпуса ТКиКЛ, текста, ключевых слов",10,,0,0.0,0.0,YAKE Only
412,2024,MitrofanovaGolubev,"корпусная  лингвистика,  материалы  конференций,  тематическое моделирование, метки тем, рубрикация",5,,0,,0,0.0,0.0,Manual Only
413,2024,MitrofanovaGolubev,,0,"меток, моделей, корпуса ТКиКЛ, Темы, корпуса, генерации меток, NMF, помощью алгоритма, помощью, тематических моделей",10,,0,0.0,0.0,YAKE Only
414,2024,Sukhan,"корпусная лингвистика, материалы конференций, графовый анализ, метаразметка,  визуализация,  информационный  поиск,  онтологии,  именованные сущности",8,,0,,0,0.0,0.0,Manual Only
415,2024,Sukhan,,0,"данных, корпуса, визуализации, графа, статей, например, авторов, визуализации метаданных, Gephi, метаданных корпуса",10,,0,0.0,0.0,YAKE Only
416,2024,Vybornaya,"русские предлоги, предложные конструкции, значение предлогов, синтаксемы, синтаксическая неоднозначность",5,,0,,0,0.0,0.0,Manual Only
417,2024,Vybornaya,,0,"предлог, предлогов, предложных конструкций, первообразных предлогов, конструкций, контекстов, синтаксемы, данных предложных, предлога, синтаксема",10,,0,0.0,0.0,YAKE Only
