Words;Frequencies;Ranks;Logarithm of Frequencies;Logarithm of ranks
сущ;84;1;1.9242792860618814;0.0
прил;59;2;1.7708520116421442;0.30102999566398114
предлог;47;3;1.6720978579357173;0.47712125471966244
пад;43;4;1.6334684555795864;0.6020599913279623
этим;33;5;1.5185139398778873;0.6989700043360187
словосочетанием;32;6;1.5051499783199058;0.7781512503836435
стоит;32;7;1.5051499783199058;0.8450980400142567
род;31;8;1.4913616938342726;0.9030899869919434
следует;31;9;1.4913616938342726;0.9542425094393249
оборот;31;10;1.4913616938342726;1.0
словосочетания;27;11;1.4313637641589871;1.041392685158225
этого;17;12;1.2304489213782739;1.0791812460476247
слов;15;13;1.1760912590556811;1.1139433523068367
предложный;15;14;1.1760912590556811;1.1461280356782377
словосочетаний;10;15;1.0;1.1760912590556811
слова;10;16;1.0;1.2041199826559246
глагол;10;17;1.0;1.2304489213782739
является;9;18;0.9542425094393249;1.2552725051033058
словосочетание;9;19;0.9542425094393249;1.2787536009528289
ними;9;20;0.9542425094393249;1.301029995663981
таким;9;21;0.9542425094393249;1.322219294733919
местоим;9;22;0.9542425094393249;1.3424226808222062
рост;9;23;0.9542425094393249;1.3617278360175928
союз;9;24;0.9542425094393249;1.380211241711606
деле;8;25;0.9030899869919434;1.3979400086720375
оборотов;8;26;0.9030899869919434;1.414973347970818
рода;8;27;0.9030899869919434;1.4313637641589871
был;8;28;0.9030899869919434;1.447158031342219
ним;8;29;0.9030899869919434;1.462397997898956
правее;8;30;0.9030899869919434;1.4771212547196624
счет;8;31;0.9030899869919434;1.4913616938342726
нкря;7;32;0.8450980400142567;1.5051499783199058
связи;7;33;0.8450980400142567;1.5185139398778873
согласованное;7;34;0.8450980400142567;1.5314789170422551
концов;6;35;0.7781512503836435;1.5440680443502754
время;6;36;0.7781512503836435;1.556302500767287
того;6;37;0.7781512503836435;1.5682017240669948
оборотом;6;38;0.7781512503836435;1.57978359661681
качестве;6;39;0.7781512503836435;1.591064607026499
которые;6;40;0.7781512503836435;1.6020599913279623
смерти;6;41;0.7781512503836435;1.6127838567197355
рубеж;6;42;0.7781512503836435;1.6232492903979003
классов;6;43;0.7781512503836435;1.6334684555795864
класса;6;44;0.7781512503836435;1.6434526764861872
имени;6;45;0.7781512503836435;1.6532125137753435
всех;6;46;0.7781512503836435;1.6627578316815739
точки;6;47;0.7781512503836435;1.6720978579357173
лице;6;48;0.7781512503836435;1.6812412373755872
свете;6;49;0.7781512503836435;1.6901960800285134
предложений;5;50;0.6989700043360187;1.6989700043360185
группы;5;51;0.6989700043360187;1.7075701760979363
оборотами;5;52;0.6989700043360187;1.716003343634799
сказать;5;53;0.6989700043360187;1.724275869600789
обороты;5;54;0.6989700043360187;1.7323937598229684
начала;5;55;0.6989700043360187;1.7403626894942439
среднем;5;56;0.6989700043360187;1.7481880270062005
свою;5;57;0.6989700043360187;1.7558748556724912
справа;5;58;0.6989700043360187;1.7634279935629371
поселения;5;59;0.6989700043360187;1.7708520116421442
страны;5;60;0.6989700043360187;1.7781512503836434
космос;5;61;0.6989700043360187;1.785329835010767
число;5;62;0.6989700043360187;1.7923916894982537
области;5;63;0.6989700043360187;1.7993405494535815
собака;5;64;0.6989700043360187;1.8061799739838869
мне;5;65;0.6989700043360187;1.8129133566428552
манере;5;66;0.6989700043360187;1.8195439355418683
зрения;5;67;0.6989700043360187;1.8260748027008262
можно;4;68;0.6020599913279623;1.8325089127062362
роли;4;69;0.6020599913279623;1.8388490907372552
наречий;4;70;0.6020599913279623;1.845098040014257
зависимости;4;71;0.6020599913279623;1.851258348719075
другими;4;72;0.6020599913279623;1.8573324964312683
том;4;73;0.6020599913279623;1.8633228601204557
числе;4;74;0.6020599913279623;1.8692317197309762
разбора;4;75;0.6020599913279623;1.8750612633916997
словаре;4;76;0.6020599913279623;1.8808135922807911
следуют;4;77;0.6020599913279623;1.8864907251724818
денег;4;78;0.6020599913279623;1.8920946026904801
будущем;4;79;0.6020599913279623;1.8976270912904412
главном;4;80;0.6020599913279623;1.9030899869919433
жизнь;4;81;0.6020599913279623;1.9084850188786497
итоге;4;82;0.6020599913279623;1.9138138523837167
части;4;83;0.6020599913279623;1.919078092376074
могут;4;84;0.6020599913279623;1.9242792860618814
предложен;4;85;0.6020599913279623;1.9294189257142926
момент;4;86;0.6020599913279623;1.9344984512435675
уже;4;87;0.6020599913279623;1.9395192526186182
банк;4;88;0.6020599913279623;1.9444826721501687
человека;4;89;0.6020599913279623;1.9493900066449126
всеми;4;90;0.6020599913279623;1.9542425094393248
силами;4;91;0.6020599913279623;1.9590413923210932
нам;4;92;0.6020599913279623;1.9637878273455551
срок;4;93;0.6020599913279623;1.968482948553935
целом;4;94;0.6020599913279623;1.9731278535996983
слева;4;95;0.6020599913279623;1.9777236052888476
наречие;4;96;0.6020599913279623;1.9822712330395682
была;4;97;0.6020599913279623;1.9867717342662448
границей;4;98;0.6020599913279623;1.9912260756924949
пришел;4;99;0.6020599913279623;1.9956351945975497
запятая;4;100;0.6020599913279623;2.0
обычно;4;101;0.6020599913279623;2.0043213737826426
запятыми;4;102;0.6020599913279623;2.008600171761917
попало;4;103;0.6020599913279623;2.012837224705172
дома;4;104;0.6020599913279623;2.0170333392987803
свет;4;105;0.6020599913279623;2.021189299069938
виду;4;106;0.6020599913279623;2.02530586526477
корнем;4;107;0.6020599913279623;2.0293837776852093
впред;4;108;0.6020599913279623;2.0334237554869494
вместе;4;109;0.6020599913279623;2.0374264979406234
слову;3;110;0.47712125471966244;2.041392685158225
одним;3;111;0.47712125471966244;2.045322978786657
эти;3;112;0.47712125471966244;2.049218022670181
словом;3;113;0.47712125471966244;2.0530784434834195
полностью;3;114;0.47712125471966244;2.0569048513364723
являются;3;115;0.47712125471966244;2.0606978403536114
словами;3;116;0.47712125471966244;2.064457989226918
предложения;3;117;0.47712125471966244;2.0681858617461617
анализаторе;3;118;0.47712125471966244;2.0718820073061255
такие;3;119;0.47712125471966244;2.0755469613925306
используемом;3;120;0.47712125471966244;2.0791812460476247
нами;3;121;0.47712125471966244;2.08278537031645
содержится;3;122;0.47712125471966244;2.086359830674748
определили;3;123;0.47712125471966244;2.0899051114393976
алгоритмы;3;124;0.47712125471966244;2.093421685162235
разрешения;3;125;0.47712125471966244;2.0969100130080562
омонимии;3;126;0.47712125471966244;2.1003705451175625
вести;3;127;0.47712125471966244;2.103803720955957
года;3;128;0.47712125471966244;2.107209969647868
конца;3;129;0.47712125471966244;2.110589710299249
находится;3;130;0.47712125471966244;2.1139433523068365
дальнейшем;3;131;0.47712125471966244;2.117271295655764
ещё;3;132;0.47712125471966244;2.1205739312058496
данное;3;133;0.47712125471966244;2.123851640967086
тузовым;3;134;0.47712125471966244;2.1271047983648073
ответ;3;135;0.47712125471966244;2.130333768495006
открытую;3;136;0.47712125471966244;2.1335389083702174
основном;3;137;0.47712125471966244;2.1367205671564067
дом;3;138;0.47712125471966244;2.1398790864012365
средствами;3;139;0.47712125471966244;2.143014800254095
например;3;140;0.47712125471966244;2.1461280356782377
границу;3;141;0.47712125471966244;2.1492191126553797
них;3;142;0.47712125471966244;2.1522883443830563
рубежом;3;143;0.47712125471966244;2.1553360374650614
понять;3;144;0.47712125471966244;2.1583624920952493
россии;3;145;0.47712125471966244;2.1613680022349744
относящееся;3;146;0.47712125471966244;2.1643528557844367
классам;3;147;0.47712125471966244;2.1673173347481756
человек;3;148;0.47712125471966244;2.170261715394957
него;3;149;0.47712125471966244;2.173186268412274
конец;3;150;0.47712125471966244;2.176091259055681
слово;3;151;0.47712125471966244;2.1789769472931693
помощи;3;152;0.47712125471966244;2.181843587944772
сфере;3;153;0.47712125471966244;2.1846914308175984
вопросам;3;154;0.47712125471966244;2.187520720836463
г;3;155;0.47712125471966244;2.1903316981702914
вскрылись;3;156;0.47712125471966244;2.1931245983544616
новые;3;157;0.47712125471966244;2.1958996524092336
обстоятельства;3;158;0.47712125471966244;2.1986570869544226
отношении;3;159;0.47712125471966244;2.2013971243204513
условиях;3;160;0.47712125471966244;2.2041199826559246
почве;3;161;0.47712125471966244;2.2068258760318495
смотря;3;162;0.47712125471966244;2.2095150145426303
разного;3;163;0.47712125471966244;2.2121876044039577
своего;3;164;0.47712125471966244;2.214843848047698
е;2;165;0.30102999566398114;2.217483944213906
санкт;2;166;0.30102999566398114;2.220108088040055
петербургский;2;167;0.30102999566398114;2.2227164711475833
университет;2;168;0.30102999566398114;2.2253092817258624
автоматическом;2;169;0.30102999566398114;2.2278867046136734
разборе;2;170;0.30102999566398114;2.2304489213782737
дерева;2;171;0.30102999566398114;2.2329961103921536
возникает;2;172;0.30102999566398114;2.2355284469075487
фразеологизмов;2;173;0.30102999566398114;2.2380461031287955
разделить;2;174;0.30102999566398114;2.2405492482825995
лексическим;2;175;0.30102999566398114;2.2430380486862944
следующие;2;176;0.30102999566398114;2.2455126678141495
конце;2;177;0.30102999566398114;2.2479732663618064
времени;2;178;0.30102999566398114;2.2504200023088936
мнению;2;179;0.30102999566398114;2.252853030979893
словарь;2;180;0.30102999566398114;2.255272505103306
такое;2;181;0.30102999566398114;2.2576785748691846
предлогом;2;182;0.30102999566398114;2.2600713879850747
предложным;2;183;0.30102999566398114;2.2624510897304293
им;2;184;0.30102999566398114;2.2648178230095364
такого;2;185;0.30102999566398114;2.2671717284030133
п;2;186;0.30102999566398114;2.2695129442179165
возможность;2;187;0.30102999566398114;2.271841606536499
оборотам;2;188;0.30102999566398114;2.2741578492636796
менее;2;189;0.30102999566398114;2.276461804173244
решение;2;190;0.30102999566398114;2.278753600952829
вопроса;2;191;0.30102999566398114;2.281033367247727
далее;2;192;0.30102999566398114;2.2833012287035492
квадратных;2;193;0.30102999566398114;2.2855573090077734
скобках;2;194;0.30102999566398114;2.287801729930226
оборота;2;195;0.30102999566398114;2.290034611362518
узлами;2;196;0.30102999566398114;2.2922560713564755
которым;2;197;0.30102999566398114;2.294466226161593
течение;2;198;0.30102999566398114;2.296665190261531
знак;2;199;0.30102999566398114;2.2988530764097064
пунктуации;2;200;0.30102999566398114;2.301029995663981
наличие;2;201;0.30102999566398114;2.3031960574204886
раменский;2;202;0.30102999566398114;2.305351369446624
район;2;203;0.30102999566398114;2.3074960379132126
бассейне;2;204;0.30102999566398114;2.3096301674258983
реки;2;205;0.30102999566398114;2.311753861055754
москвы;2;206;0.30102999566398114;2.3138672203691533
течении;2;207;0.30102999566398114;2.3159703454569174
стал;2;208;0.30102999566398114;2.3180633349627615
предлога;2;209;0.30102999566398114;2.320146286111054
поперёк;2;210;0.30102999566398114;2.322219294733919
какдолго;2;211;0.30102999566398114;2.3242824552976926
вин;2;212;0.30102999566398114;2.326335860928751
образования;2;213;0.30102999566398114;2.3283796034387376
относится;2;214;0.30102999566398114;2.3304137733491905
таких;2;215;0.30102999566398114;2.332438459915605
особо;2;216;0.30102999566398114;2.3344537511509307
выделены;2;217;0.30102999566398114;2.3364597338485296
предложение;2;218;0.30102999566398114;2.3384564936046046
рассказа;2;219;0.30102999566398114;2.340444114840118
душа;2;220;0.30102999566398114;2.342422680822206
вами;2;221;0.30102999566398114;2.34439227368511
проблемы;2;222;0.30102999566398114;2.3463529744506384
деньги;2;223;0.30102999566398114;2.3483048630481607
эквивалентен;2;224;0.30102999566398114;2.3502480183341623
дееприч;2;225;0.30102999566398114;2.3521825181113623
одна;2;226;0.30102999566398114;2.3541084391474008
ума;2;227;0.30102999566398114;2.3560258571931225
которого;2;228;0.30102999566398114;2.3579348470004535
ответственность;2;229;0.30102999566398114;2.359835482339888
военной;2;230;0.30102999566398114;2.3617278360175926
нельзя;2;231;0.30102999566398114;2.363611979892144
возможно;2;232;0.30102999566398114;2.3654879848908994
контактно;2;233;0.30102999566398114;2.3673559210260184
лет;2;234;0.30102999566398114;2.3692158574101425
числ;2;235;0.30102999566398114;2.371067862271736
оставить;2;236;0.30102999566398114;2.3729120029701067
канон;2;237;0.30102999566398114;2.374748346010104
выделено;2;238;0.30102999566398114;2.376576957056512
вводный;2;239;0.30102999566398114;2.3783979009481375
отсутствует;2;240;0.30102999566398114;2.380211241711606
смотрела;2;241;0.30102999566398114;2.382017042574868
инвентарь;2;242;0.30102999566398114;2.383815365980431
освещение;2;243;0.30102999566398114;2.3856062735983117
вино;2;244;0.30102999566398114;2.387389826338729
всю;2;245;0.30102999566398114;2.3891660843645326
сомнений;2;246;0.30102999566398114;2.390935107103379
средства;2;247;0.30102999566398114;2.392696953259666
будет;2;248;0.30102999566398114;2.394451680826216
твор;2;249;0.30102999566398114;2.396199347095736
фамилии;2;250;0.30102999566398114;2.397940008672037
парень;2;251;0.30102999566398114;2.3996737214810375
долго;2;252;0.30102999566398114;2.4014005407815437
согласованных;2;253;0.30102999566398114;2.4031205211758175
шли;2;254;0.30102999566398114;2.404833716619938
необъятной;2;255;0.30102999566398114;2.4065401804339546
паломники;2;256;0.30102999566398114;2.408239965311849
предложных;2;257;0.30102999566398114;2.4099331233312946
ранее;2;258;0.30102999566398114;2.41161970596323
имя;2;259;0.30102999566398114;2.4132997640812515
ввин;2;260;0.30102999566398114;2.4149733479708178
дело;2;261;0.30102999566398114;2.416640507338281
жил;2;262;0.30102999566398114;2.4183012913197452
работ;2;263;0.30102999566398114;2.4199557484897576
других;2;264;0.30102999566398114;2.421603926869831
изменения;2;265;0.30102999566398114;2.4232458739368075
почти;2;266;0.30102999566398114;2.4248816366310666
теории;2;267;0.30102999566398114;2.426511261364575
особых;2;268;0.30102999566398114;2.4281347940287885
иванова;2;269;0.30102999566398114;2.4297522800024076
причастие;2;270;0.30102999566398114;2.4313637641589874
товаров;2;271;0.30102999566398114;2.4329692908744054
отобранных;2;272;0.30102999566398114;2.4345689040341987
психика;2;273;0.30102999566398114;2.436162647040756
колебание;2;274;0.30102999566398114;2.437750562820388
друга;2;275;0.30102999566398114;2.4393326938302624
присоединяется;2;276;0.30102999566398114;2.4409090820652173
практически;2;277;0.30102999566398114;2.442479769064448
сторонам;2;278;0.30102999566398114;2.4440447959180758
вводными;2;279;0.30102999566398114;2.4456042032735974
сущности;2;280;0.30102999566398114;2.447158031342219
счастью;2;281;0.30102999566398114;2.4487063199050794
аварии;2;282;0.30102999566398114;2.450249108319361
произошло;2;283;0.30102999566398114;2.45178643552429
узнать;2;284;0.30102999566398114;2.4533183400470375
образом;2;285;0.30102999566398114;2.45484486000851
запятой;2;286;0.30102999566398114;2.4563660331290427
казалось;2;287;0.30102999566398114;2.4578818967339924
думать;2;288;0.30102999566398114;2.4593924877592306
ему;2;289;0.30102999566398114;2.4608978427565478
функцией;2;290;0.30102999566398114;2.4623979978989556
стоят;2;291;0.30102999566398114;2.4638929889859074
богатство;2;292;0.30102999566398114;2.465382851448418
древность;2;293;0.30102999566398114;2.4668676203541096
знатность;2;294;0.30102999566398114;2.468347330412157
специальные;2;295;0.30102999566398114;2.469822015978163
правильности;2;296;0.30102999566398114;2.4712917110589383
эквивалентные;1;297;0.0;2.4727564493172123
боярский;1;298;0.0;2.4742162640762553
каневский;1;299;0.0;2.4756711883244296
национальный;1;300;0.0;2.477121254719662
исследовательский;1;301;0.0;2.478566495593843
информационных;1;302;0.0;2.4800069429571505
технологий;1;303;0.0;2.481442628502305
механики;1;304;0.0;2.4828735836087534
оптики;1;305;0.0;2.484299839346786
итмо;1;306;0.0;2.4857214264815797
экономико;1;307;0.0;2.487138375477186
математический;1;308;0.0;2.488550716500444
институт;1;309;0.0;2.4899584794248346
ран;1;310;0.0;2.4913616938342726
введение;1;311;0.0;2.492760389026837
русского;1;312;0.0;2.4941545940184424
языка;1;313;0.0;2.4955443375464483
построении;1;314;0.0;2.4969296480732144
зависимостей;1;315;0.0;2.4983105537896004
проблема;1;316;0.0;2.4996870826184034
снятия;1;317;0.0;2.501059262217751
морфологической;1;318;0.0;2.5024271199844326
неоднозначности;1;319;0.0;2.503790683057181
путей;1;320;0.0;2.505149978319906
решения;1;321;0.0;2.506505032404872
широкое;1;322;0.0;2.507855871695831
использование;1;323;0.0;2.5092025223311025
устойчивых;1;324;0.0;2.5105450102066116
сочетаний;1;325;0.0;2.511883360978874
сочетания;1;326;0.0;2.513217600067939
неизменяемые;1;327;0.0;2.514547752660286
изменяемым;1;328;0.0;2.515873843711679
первым;1;329;0.0;2.517195897949974
изменяемые;1;330;0.0;2.518513939877887
большая;1;331;0.0;2.5198279937757184
часть;1;332;0.0;2.521138083704036
неизменяемых;1;333;0.0;2.5224442335063197
неднословными;1;334;0.0;2.5237464668115646
эквивалентными;1;335;0.0;2.5250448070368448
выполняющими;1;336;0.0;2.5263392773898437
самом;1;337;0.0;2.5276299008713385
предлогов;1;338;0.0;2.5289167002776547
соответствии;1;339;0.0;2.5301996982030817
несмотря;1;340;0.0;2.531478917042255
вводных;1;341;0.0;2.5327543789924976
вашему;1;342;0.0;2.5340261060561344
союзов;1;343;0.0;2.53529412004277
частиц;1;344;0.0;2.53655844257153
тому;1;345;0.0;2.537819095073274
предикативных;1;346;0.0;2.5390760987927767
бог;1;347;0.0;2.5403294747908736
лыка;1;348;0.0;2.5415792439465807
вяжет;1;349;0.0;2.5428254269591797
делать;1;350;0.0;2.5440680443502752
наиболее;1;351;0.0;2.545307116465824
полные;1;352;0.0;2.5465426634781307
списки;1;353;0.0;2.5477747053878224
приведены;1;354;0.0;2.5490032620257876
дополнительной;1;355;0.0;2.5502283530550938
информации;1;356;0.0;2.551449997972875
использовали;1;357;0.0;2.5526682161121927
кузнецова;1;358;0.0;2.553883026643874
синтаксическом;1;359;0.0;2.555094448578319
рассматривается;1;360;0.0;2.5563025007672873
узел;1;361;0.0;2.5575072019056577
токен;1;362;0.0;2.558708570533166
разбивается;1;363;0.0;2.559906625036112
отдельные;1;364;0.0;2.5611013836490555
словоформы;1;365;0.0;2.5622928644564746
видно;1;366;0.0;2.56348108539441
примере;1;367;0.0;2.5646660642520893
следующего;1;368;0.0;2.5658478186735176
продажа;1;369;0.0;2.56702636615906
производится;1;370;0.0;2.5682017240669945
качества;1;371;0.0;2.5693739096150456
продукции;1;372;0.0;2.5705429398818973
см;1;373;0.0;2.5717088318086874
рис;1;374;0.0;2.57287160220048
вводным;1;375;0.0;2.5740312677277184
сложная;1;376;0.0;2.575187844927661
ситуация;1;377;0.0;2.5763413502057926
сочетание;1;378;0.0;2.577491799837225
нескольких;1;379;0.0;2.578639209968072
контекста;1;380;0.0;2.57978359661681
рассмотрены;1;381;0.0;2.580924975675619
р;1;382;0.0;2.5820633629117085
рогожниковой;1;383;0.0;2.5831987739686224
которая;1;384;0.0;2.5843312243675305
отмечает;1;385;0.0;2.5854607295085006
использования;1;386;0.0;2.5865873046717547
свободных;1;387;0.0;2.5877109650189114
омонимичных;1;388;0.0;2.5888317255942073
нас;1;389;0.0;2.5899496013257073
интересует;1;390;0.0;2.591064607026499
факт;1;391;0.0;2.5921767573958667
наличия;1;392;0.0;2.5932860670204567
максимально;1;393;0.0;2.5943925503754266
правильного;1;394;0.0;2.5954962218255737
опознания;1;395;0.0;2.59659709562646
анализе;1;396;0.0;2.597695185925512
рассматривали;1;397;0.0;2.598790506763115
каждое;1;398;0.0;2.5998830720736876
отдельно;1;399;0.0;2.600972895686748
анализируя;1;400;0.0;2.602059991327962
соответствующих;1;401;0.0;2.603144372620182
данном;1;402;0.0;2.60422605308447
контексте;1;403;0.0;2.605305046141109
анализируемое;1;404;0.0;2.6063813651106047
осуществляется;1;405;0.0;2.6074550232146683
специальным;1;406;0.0;2.608526033577194
предсинтаксическим;1;407;0.0;2.6095944092252195
модулем;1;408;0.0;2.6106601630898796
анализа;1;409;0.0;2.611723308007342
правило;1;410;0.0;2.6127838567197355
отбирались;1;411;0.0;2.613841821876069
лексические;1;412;0.0;2.6148972160331345
имеющие;1;413;0.0;2.615950051656401
наибольшую;1;414;0.0;2.6170003411208986
частотность;1;415;0.0;2.6180480967120925
рассмотрим;1;416;0.0;2.6190933306267423
подробнее;1;417;0.0;2.620136054973757
наречные;1;418;0.0;2.621176281775035
построенном;1;419;0.0;2.622214022966295
словарю;1;420;0.0;2.6232492903979003
тузова;1;421;0.0;2.624282095835668
предикатов;1;422;0.0;2.625312450961674
приведенные;1;423;0.0;2.626340367375042
наречиями;1;424;0.0;2.6273658565927325
выполняются;1;425;0.0;2.6283889300503116
указанные;1;426;0.0;2.629409599102719
условия;1;427;0.0;2.6304278750250236
указано;1;428;0.0;2.631443769013172
наименование;1;429;0.0;2.632457292184724
теми;1;430;0.0;2.633468455579586
подсоединяется;1;431;0.0;2.634477270160731
предлоги;1;432;0.0;2.635483746814912
отец;1;433;0.0;2.636487896353365
военным;1;434;0.0;2.6374897295125104
пропал;1;435;0.0;2.638489256954637
войне;1;436;0.0;2.639486489268586
судя;1;437;0.0;2.6404814369704215
дневнику;1;438;0.0;2.6414741105040993
васмус;1;439;0.0;2.6424645202421213
оставлял;1;440;0.0;2.643452676486187
командование;1;441;0.0;2.644438589467838
разговоры;1;442;0.0;2.6454222693490914
восстановлении;1;443;0.0;2.6464037262230695
ведутся;1;444;0.0;2.6473829701146196
разных;1;445;0.0;2.648360010980931
уровнях;1;446;0.0;2.649334858712142
пир;1;447;0.0;2.650307523131936
допускается;1;448;0.0;2.6512780139981436
согласованного;1;449;0.0;2.6522463410033232
надеюсь;1;450;0.0;2.6532125137753435
тоже;1;451;0.0;2.6541765418779604
буду;1;452;0.0;2.655138434811382
работать;1;453;0.0;2.656098202012832
такому;1;454;0.0;2.6570558528571038
принципу;1;455;0.0;2.658011396657112
заключается;1;456;0.0;2.658964842664435
наших;1;457;0.0;2.65991620006985
детей;1;458;0.0;2.660865478003869
компания;1;459;0.0;2.661812685537261
году;1;460;0.0;2.662757831681574
отметит;1;461;0.0;2.663700925389648
десятилетний;1;462;0.0;2.6646419755561253
юбилей;1;463;0.0;2.665580991017953
старше;1;464;0.0;2.6665179805548807
ваня;1;465;0.0;2.6674529528899535
тобой;1;466;0.0;2.6683859166899997
равны;1;467;0.0;2.669316880566112
служил;1;468;0.0;2.6702458530741238
лука;1;469;0.0;2.671172842715083
лукич;1;470;0.0;2.672097857935717
инженерном;1;471;0.0;2.6730209071288957
училище;1;472;0.0;2.6739419986340875
критерий;1;473;0.0;2.674861140737811
требовательности;1;474;0.0;2.675778341674085
сохранился;1;475;0.0;2.6766936096248664
город;1;476;0.0;2.677606952720493
расти;1;477;0.0;2.678518379040114
развиваться;1;478;0.0;2.6794278966121188
свадебном;1;479;0.0;2.6803355134145628
пиру;1;480;0.0;2.681241237375587
ходе;1;481;0.0;2.6821450763738315
ритуала;1;482;0.0;2.683047038238849
участвовали;1;483;0.0;2.6839471307515117
соединенные;1;484;0.0;2.6848453616444123
союзом;1;485;0.0;2.6857417386022635
пал;1;486;0.0;2.686636269262293
палыч;1;487;0.0;2.687528961214634
исколесил;1;488;0.0;2.6884198220027105
караганду;1;489;0.0;2.6893088591236203
помнил;1;490;0.0;2.6901960800285134
близко;1;491;0.0;2.691081492122968
находились;1;492;0.0;2.69196510276736
гостиницы;1;493;0.0;2.6928469192772297
соскабливании;1;494;0.0;2.6937269489236466
поверхностного;1;495;0.0;2.6946051989335684
слоя;1;496;0.0;2.695481676490197
открываются;1;497;0.0;2.696356388733332
густые;1;498;0.0;2.697229342759717
трещины;1;499;0.0;2.6981005456233897
волокон;1;500;0.0;2.6989700043360183
сильно;1;501;0.0;2.6998377258672455
распечён;1;502;0.0;2.700703717145019
генералом;1;503;0.0;2.7015679850559273
чужим;1;504;0.0;2.702430536445525
министерство;1;505;0.0;2.7032913781186614
воплотило;1;506;0.0;2.704150516839799
идею;1;507;0.0;2.705007959333336
исключением;1;508;0.0;2.705863712283919
случай;1;509;0.0;2.7067177823367583
классу;1;510;0.0;2.707570176097936
живого;1;511;0.0;2.7084209001347124
наречием;1;512;0.0;2.7092699609758304
суд;1;513;0.0;2.710117365111816
явился;1;514;0.0;2.7109631189952754
ударился;1;515;0.0;2.7118072290411908
бега;1;516;0.0;2.7126497016272113
сердца;1;517;0.0;2.7134905430939424
выдержали;1;518;0.0;2.7143297597452327
нагрузок;1;519;0.0;2.7151673578484576
отличившимся;1;520;0.0;2.716003343634799
семестра;1;521;0.0;2.716837723299524
выписать;1;522;0.0;2.717670503002262
премию;1;523;0.0;2.718501688867274
примерах;1;524;0.0;2.7193312869837265
жирным;1;525;0.0;2.7201593034059566
шрифтом;1;526;0.0;2.720985744153739
являющиеся;1;527;0.0;2.7218106152125463
придат;1;528;0.0;2.722633922533812
увидит;1;529;0.0;2.7234556720351857
управляющий;1;530;0.0;2.7242758696007887
бунтуете;1;531;0.0;2.725094521081469
пощадит;1;532;0.0;2.725911632295048
выбросит;1;533;0.0;2.726727209026572
промысла;1;534;0.0;2.727541257028556
фокусе;1;535;0.0;2.728353782021228
отца;1;536;0.0;2.7291647896927698
игнатия;1;537;0.0;2.7299742856995555
краха;1;538;0.0;2.730782275666389
семьи;1;539;0.0;2.7315887651867388
потащило;1;540;0.0;2.7323937598229686
цепко;1;541;0.0;2.733197265106569
держала;1;542;0.0;2.7339992865383866
тартасова;1;543;0.0;2.7347998295888467
руку;1;544;0.0;2.7355988996981795
заглянуть;1;545;0.0;2.736396502276642
посмотреть;1;546;0.0;2.737192642704737
форме;1;547;0.0;2.7379873263334304
окончательно;1;548;0.0;2.738780558484369
обезумевшие;1;549;0.0;2.7395723444500915
фанаты;1;550;0.0;2.740362689494243
стали;1;551;0.0;2.741151598851785
выламывать;1;552;0.0;2.7419390777291985
кресла;1;553;0.0;2.742725131304698
решая;1;554;0.0;2.7435097647284294
задачу;1;555;0.0;2.744292983122676
посмотрите;1;556;0.0;2.745074791582057
учебника;1;557;0.0;2.745855195173729
хочу;1;558;0.0;2.746634198937578
притворяться;1;559;0.0;2.747411807886423
играю;1;560;0.0;2.7481880270062002
вошёл;1;561;0.0;2.748962861256161
кофейню;1;562;0.0;2.7497363155690606
пенсионер;1;563;0.0;2.7505083948513462
сидел;1;564;0.0;2.751279103983342
столиком;1;565;0.0;2.7520484478194382
докладе;1;566;0.0;2.7528164311882715
лидер;1;567;0.0;2.753583058892906
партии;1;568;0.0;2.754348335711019
остановился;1;569;0.0;2.755112266395071
заслугах;1;570;0.0;2.7558748556724915
народников;1;571;0.0;2.7566361082458477
госдуме;1;572;0.0;2.757396028793024
связанные;1;573;0.0;2.75815462196739
отдачей;1;574;0.0;2.7589118923979736
отдача;1;575;0.0;2.75966784468963
брать;1;576;0.0;2.760422483423212
вложить;1;577;0.0;2.7611758131557314
т;1;578;0.0;2.761927838420529
берет;1;579;0.0;2.762678563727436
лепту;1;580;0.0;2.763427993562937
цен;1;581;0.0;2.76417613239033
внесла;1;582;0.0;2.7649229846498886
ипотека;1;583;0.0;2.7656685547590136
весной;1;584;0.0;2.766412847112399
почки;1;585;0.0;2.7671558660821804
рано;1;586;0.0;2.7678976160180904
трогаются;1;587;0.0;2.7686381012476144
наречию;1;588;0.0;2.769377326076138
инфинитив;1;589;0.0;2.7701152947871015
трава;1;590;0.0;2.770852011642144
выросла;1;591;0.0;2.771587480881255
окружала;1;592;0.0;2.7723217067229196
каменная;1;593;0.0;2.7730546933642626
ограда;1;594;0.0;2.7737864449811935
предположение;1;595;0.0;2.7745169657285493
укладывается;1;596;0.0;2.775246259740236
длина;1;597;0.0;2.775974331129369
волны;1;598;0.0;2.7767011839884104
лично;1;599;0.0;2.777426822389311
стараюсь;1;600;0.0;2.7781512503836434
придумывать;1;601;0.0;2.778874472002739
дочь;1;602;0.0;2.7795964912578244
духа;1;603;0.0;2.780317312140151
ищем;1;604;0.0;2.7810369386211318
врага;1;605;0.0;2.7817553746524686
взвалить;1;606;0.0;2.782472624166286
делаем;1;607;0.0;2.7831886910752575
сами;1;608;0.0;2.7839035792727347
оборонная;1;609;0.0;2.784617292632875
безопасность;1;610;0.0;2.7853298350107667
должна;1;611;0.0;2.786041210242554
обеспечиваться;1;612;0.0;2.786751422145561
силой;1;613;0.0;2.787460474518415
государства;1;614;0.0;2.7881683711411673
тысячи;1;615;0.0;2.7888751157754164
мальков;1;616;0.0;2.789580712164425
выживают;1;617;0.0;2.7902851640332416
продала;1;618;0.0;2.7909884750888154
билеты;1;619;0.0;2.7916906490201177
ряду;1;620;0.0;2.792391689498254
причастный;1;621;0.0;2.79309160017658
фонд;1;622;0.0;2.7937903846908183
пользуется;1;623;0.0;2.7944880466591693
правами;1;624;0.0;2.7951845896824237
предоставленными;1;625;0.0;2.795880017344075
налоговым;1;626;0.0;2.796574333210429
органам;1;627;0.0;2.7972675408307164
взысканию;1;628;0.0;2.7979596437371956
внесенных;1;629;0.0;2.7986506454452686
налогов;1;630;0.0;2.7993405494535817
покупатель;1;631;0.0;2.800029359244134
должен;1;632;0.0;2.8007170782823847
произвести;1;633;0.0;2.8014037100173548
оплату;1;634;0.0;2.8020892578817325
предусмотренный;1;635;0.0;2.8027737252919755
кузнецовым;1;636;0.0;2.803457115648414
договором;1;637;0.0;2.80413943233535
полагаю;1;638;0.0;2.804820678721162
уложиться;1;639;0.0;2.8055008581584
октября;1;640;0.0;2.8061799739838866
большинство;1;641;0.0;2.8068580295188172
застрахованных;1;642;0.0;2.807535028068853
сумеет;1;643;0.0;2.8082109729242215
икт;1;644;0.0;2.808885867359812
сих;1;645;0.0;2.8095597146352675
пор;1;646;0.0;2.810232517995084
интересовали;1;647;0.0;2.8109042806687
инвесторов;1;648;0.0;2.811575005870593
думала;1;649;0.0;2.812244696800369
мире;1;650;0.0;2.8129133566428552
которое;1;651;0.0;2.8135809885681917
именем;1;652;0.0;2.81424759573192
собственным;1;653;0.0;2.814913181275074
знака;1;654;0.0;2.815577748324267
почитайте;1;655;0.0;2.8162412999917827
классику;1;656;0.0;2.81690383937566
маркса;1;657;0.0;2.81756536955978
петра;1;658;0.0;2.8182258936139553
поставили;1;659;0.0;2.8188854145940097
пост;1;660;0.0;2.8195439355418683
затратить;1;661;0.0;2.8202014594856397
млн;1;662;0.0;2.8208579894396997
рублей;1;663;0.0;2.8215135284047728
процессы;1;664;0.0;2.822168079368017
необходимы;1;665;0.0;2.8228216453031045
застройки;1;666;0.0;2.823474229170301
докогда;1;667;0.0;2.8241258339165487
имеющий;1;668;0.0;2.8247764624755454
сильного;1;669;0.0;2.825426117767823
слабого;1;670;0.0;2.826074802700826
состояния;1;671;0.0;2.826722520168992
забить;1;672;0.0;2.827369273053825
убить;1;673;0.0;2.8280150642239765
незадолго;1;674;0.0;2.8286598965353194
залюбил;1;675;0.0;2.829303772831025
декабря;1;676;0.0;2.829946695941636
полуночи;1;677;0.0;2.8305886686851442
напал;1;678;0.0;2.831229693867063
подъезде;1;679;0.0;2.8318697742805017
вострикову;1;680;0.0;2.8325089127062357
забил;1;681;0.0;2.8331471119127847
гаечным;1;682;0.0;2.833784374656479
ключом;1;683;0.0;2.8344207036815323
говорили;1;684;0.0;2.8350561017201157
женщины;1;685;0.0;2.8356905714924254
мужа;1;686;0.0;2.836324115706751
замужества;1;687;0.0;2.83695673705955
неразговорчива;1;688;0.0;2.8375884382355108
подарил;1;689;0.0;2.8382192219076257
ей;1;690;0.0;2.8388490907372548
красивую;1;691;0.0;2.839478047374198
лакированную;1;692;0.0;2.8401060944567575
сумочку;1;693;0.0;2.8407332346118066
далеко;1;694;0.0;2.841359470454855
обучению;1;695;0.0;2.8419848045901137
результате;1;696;0.0;2.842609239610562
оказался;1;697;0.0;2.843232778098009
рейтинга;1;698;0.0;2.843855422623161
две;1;699;0.0;2.844477175745681
тройки;1;700;0.0;2.8450980400142565
вынужден;1;701;0.0;2.8457180179666586
уйти;1;702;0.0;2.8463371121298047
другую;1;703;0.0;2.846955325019824
школу;1;704;0.0;2.847572659142112
чём;1;705;0.0;2.8481891169913984
говорить;1;706;0.0;2.8488047010518036
горький;1;707;0.0;2.849419413796899
уехал;1;708;0.0;2.850033257689769
шаг;1;709;0.0;2.850646235183066
познанного;1;710;0.0;2.851258348719075
риск;1;711;0.0;2.851869600729766
чреватый;1;712;0.0;2.852479993636856
порою;1;713;0.0;2.8530895298518653
непредсказуемыми;1;714;0.0;2.853698211776174
последствиями;1;715;0.0;2.85430604180108
поездок;1;716;0.0;2.8549130223078554
отечественных;1;717;0.0;2.8555191556677997
грантов;1;718;0.0;2.8561244442423
хватает;1;719;0.0;2.8567288903828825
требуются;1;720;0.0;2.857332496431268
источники;1;721;0.0;2.857935264719429
год;1;722;0.0;2.8585371975696385
слышим;1;723;0.0;2.8591382972945305
читаем;1;724;0.0;2.8597385661971466
миллиарды;1;725;0.0;2.8603380065709936
народных;1;726;0.0;2.8609366207000932
увозят;1;727;0.0;2.8615344108590377
первыми;1;728;0.0;2.8621313793130367
перешагнули;1;729;0.0;2.8627275283179743
ста;1;730;0.0;2.8633228601204554
тысяч;1;731;0.0;2.86391737695786
тонн;1;732;0.0;2.8645110810583914
греческие;1;733;0.0;2.8651039746411278
судовладельцы;1;734;0.0;2.86569605991607
опять;1;735;0.0;2.8662873390841948
благополучно;1;736;0.0;2.866877814337499
перебрался;1;737;0.0;2.867467487859051
крещеной;1;738;0.0;2.8680563618230415
земли;1;739;0.0;2.8686444383948255
скит;1;740;0.0;2.869231719730976
фирма;1;741;0.0;2.869818207979328
периодически;1;742;0.0;2.870403905279027
арестовывает;1;743;0.0;2.870988813760575
иное;1;744;0.0;2.871572935545878
российское;1;745;0.0;2.8721562727482928
государственное;1;746;0.0;2.872738827472668
имущество;1;747;0.0;2.8733206018153985
советов;1;748;0.0;2.873901597864461
эфир;1;749;0.0;2.874481817699466
строго;1;750;0.0;2.8750612633916997
охраняется;1;751;0.0;2.875639937004168
церберами;1;752;0.0;2.876217840591642
капитала;1;753;0.0;2.8767949762007
справочные;1;754;0.0;2.877371345869774
мат;1;755;0.0;2.877946951629188
ериалы;1;756;0.0;2.8785217955012063
быт;1;757;0.0;2.8790958795000723
ь;1;758;0.0;2.8796692056320534
использованы;1;759;0.0;2.88024177589548
изучения;1;760;0.0;2.8808135922807914
деят;1;761;0.0;2.8813846567705728
ельност;1;762;0.0;2.8819549713396
ом;1;763;0.0;2.8825245379548803
вт;1;764;0.0;2.8830933585756897
орой;1;765;0.0;2.883661435153617
половины;1;766;0.0;2.8842287696326037
века;1;767;0.0;2.8847953639489807
предикат;1;768;0.0;2.8853612200315117
хотел;1;769;0.0;2.885926339801431
плюс;1;770;0.0;2.8864907251724814
ребёнок;1;771;0.0;2.8870543780509568
веры;1;772;0.0;2.887617300335736
искусства;1;773;0.0;2.888179493918325
вв;1;774;0.0;2.888740960682892
утро;1;775;0.0;2.88930170250631
собрались;1;776;0.0;2.889861721258188
завтраком;1;777;0.0;2.890421018800914
большой;1;778;0.0;2.8909795969896885
столовой;1;779;0.0;2.8915374576725643
бывает;1;780;0.0;2.8920946026904804
случаях;1;781;0.0;2.8926510338773
оперативники;1;782;0.0;2.893206753059848
занялись;1;783;0.0;2.893761762057943
сбором;1;784;0.0;2.894316062684438
сведений;1;785;0.0;2.8948696567452523
личности;1;786;0.0;2.895422546039408
убитой;1;787;0.0;2.8959747323590643
цена;1;788;0.0;2.896526217489555
зависит;1;789;0.0;2.8970770032094197
сложности;1;790;0.0;2.8976270912904414
количества;1;791;0.0;2.8981764834976764
функций;1;792;0.0;2.8987251815894934
препинания;1;793;0.0;2.899273187317603
прич;1;794;0.0;2.899820502427096
оглянулся;1;795;0.0;2.90036712865647
рассыпанные;1;796;0.0;2.900913067737669
огонечки;1;797;0.0;2.9014583213961123
досадой;1;798;0.0;2.902002891350729
сложил;1;799;0.0;2.902546779313991
газету;1;800;0.0;2.9030899869919433
заломавши;1;801;0.0;2.9036325160842376
углы;1;802;0.0;2.9041743682841634
старались;1;803;0.0;2.904715545278681
изображение;1;804;0.0;2.905256048748451
кямала;1;805;0.0;2.9057958803678683
пахло;1;806;0.0;2.9063350418050904
земляникой;1;807;0.0;2.90687353472207
съел;1;808;0.0;2.9074113607745855
государственного;1;809;0.0;2.907948521612272
тела;1;810;0.0;2.9084850188786495
период;1;811;0.0;2.909020854211156
бродили;1;812;0.0;2.909556029241175
должно;1;813;0.0;2.9100905455940675
духовным;1;814;0.0;2.9106244048892007
рождением;1;815;0.0;2.9111576087399764
левой;1;816;0.0;2.911690158753861
сегмента;1;817;0.0;2.9122220565324155
лететь;1;818;0.0;2.9127533036713227
таежникам;1;819;0.0;2.913283901760418
лыковым;1;820;0.0;2.9138138523837163
историю;1;821;0.0;2.9143431571194403
староверчества;1;822;0.0;2.91487181754005
содержания;1;823;0.0;2.9153998352122694
водитель;1;824;0.0;2.9159272116971158
дважды;1;825;0.0;2.9164539485499246
виноват;1;826;0.0;2.916980047320382
определительное;1;827;0.0;2.917505509552546
придаточное;1;828;0.0;2.91803033678488
субъектом;1;829;0.0;2.9185545305502734
анна;1;830;0.0;2.9190780923760733
уставала;1;831;0.0;2.919601023784111
волочит;1;832;0.0;2.9201233262907236
хвост;1;833;0.0;2.9206450014067875
которую;1;834;0.0;2.9211660506377384
топнули;1;835;0.0;2.9216864754836016
радостно;1;836;0.0;2.9222062774390163
носится;1;837;0.0;2.9227254579932596
взад;1;838;0.0;2.923244018630276
левее;1;839;0.0;2.9237619608287
деепричастие;1;840;0.0;2.9242792860618816
зрение;1;841;0.0;2.924795995797912
логично;1;842;0.0;2.925312091499649
процессом;1;843;0.0;2.925827574624742
появления;1;844;0.0;2.926342446625655
нового;1;845;0.0;2.926856708949692
руководит;1;846;0.0;2.927370363039023
бомбардов;1;847;0.0;2.9278834103307068
поглядел;1;848;0.0;2.9283958522567137
лампочки;1;849;0.0;2.9289076902439524
похвалил;1;850;0.0;2.929418925714293
кадр;1;851;0.0;2.9299295600845876
кадром;1;852;0.0;2.9304395947666997
сцену;1;853;0.0;2.930949031167523
обпред;1;854;0.0;2.931457870689005
глаголов;1;855;0.0;2.9319661147281724
требующих;1;856;0.0;2.932473764677153
занесения;1;857;0.0;2.932980821923198
внести;1;858;0.0;2.9334872878487053
зачислить;1;859;0.0;2.933993163831242
аналогичных;1;860;0.0;2.9344984512435675
внесение;1;861;0.0;2.9350031514536545
зачисление;1;862;0.0;2.9355072658247123
никаких;1;863;0.0;2.9360107957152093
помещающий;1;864;0.0;2.9365137424788927
ссылаться;1;865;0.0;2.937016107464814
ностро;1;866;0.0;2.9375178920173464
самые;1;867;0.0;2.93801909747621
сильные;1;868;0.0;2.9385197251764916
могли;1;869;0.0;2.9390197764486663
поднять;1;870;0.0;2.9395192526186182
груз;1;871;0.0;2.940018155007663
весом;1;872;0.0;2.940516484932567
полтонны;1;873;0.0;2.9410142437055695
просили;1;874;0.0;2.9415114326344027
побывать;1;875;0.0;2.9420080530223127
особенно;1;876;0.0;2.9425041061680806
усилилось;1;877;0.0;2.9429995933660402
дня;1;878;0.0;2.9434945159061026
каневским;1;879;0.0;2.9439888750737717
боярским;1;880;0.0;2.9444826721501682
ней;1;881;0.0;2.9449759084120477
старый;1;882;0.0;2.9454685851318194
михаил;1;883;0.0;2.945960703577568
ходорковский;1;884;0.0;2.9464522650130727
подтверждает;1;885;0.0;2.946943270697825
авторство;1;886;0.0;2.9474337218870503
текстом;1;887;0.0;2.947923619831726
появился;1;888;0.0;2.948412965778601
газете;1;889;0.0;2.9489017609702133
ведомости;1;890;0.0;2.9493900066449124
добавил;1;891;0.0;2.9498777040368744
адвокат;1;892;0.0;2.9503648543761227
обособленное;1;893;0.0;2.950851458888546
определение;1;894;0.0;2.951337518795917
запятых;1;895;0.0;2.9518230353159116
начинающееся;1;896;0.0;2.952308009662125
тракторишко;1;897;0.0;2.9527924430440917
кряжист;1;898;0.0;2.953276336667304
силен;1;899;0.0;2.9537596917332283
рассматривать;1;900;0.0;2.9542425094393248
инфраструктуру;1;901;0.0;2.9547247909790624
впк;1;902;0.0;2.9552065375419416
бывшего;1;903;0.0;2.9556877503135057
советского;1;904;0.0;2.956168430475363
союза;1;905;0.0;2.956648579205203
оказавшуюся;1;906;0.0;2.957128197676813
территории;1;907;0.0;2.9576072870600947
казахстана;1;908;0.0;2.958085848521085
условно;1;909;0.0;2.958563883221967
деятельности;1;910;0.0;2.9590413923210934
окна;1;911;0.0;2.959518376972998
находимся;1;912;0.0;2.9599948383284156
большом;1;913;0.0;2.9604707775342987
городе;1;914;0.0;2.9609461957338308
паруса;1;915;0.0;2.961421094066448
красивые;1;916;0.0;2.96189547366785
вилу;1;917;0.0;2.962369335670021
привязывают;1;918;0.0;2.9628426812012423
рею;1;919;0.0;2.963315511386111
выясняется;1;920;0.0;2.963787827345555
делить;1;921;0.0;2.9642596301968487
моего;1;922;0.0;2.9647309210536292
кивать;1;923;0.0;2.9652017010259115
головой;1;924;0.0;2.9656719712201065
отнимая;1;925;0.0;2.966141732739032
рук;1;926;0.0;2.966610986681934
лица;1;927;0.0;2.9670797341444968
кличке;1;928;0.0;2.967547976218862
названию;1;929;0.0;2.9680157139936414
отчеству;1;930;0.0;2.968482948553935
прозвищу;1;931;0.0;2.9689496809813423
заглавной;1;932;0.0;2.969415912353981
буквы;1;933;0.0;2.9698816437464997
неизвестное;1;934;0.0;2.970346876230093
девушку;1;935;0.0;2.9708116108725178
окликнули;1;936;0.0;2.9712758487381046
васисуалий;1;937;0.0;2.9717395908877777
вася;1;938;0.0;2.972202838379064
улица;1;939;0.0;2.9726655922661105
названа;1;940;0.0;2.9731278535996983
герояподводника;1;941;0.0;2.9735896234272565
растения;1;942;0.0;2.974050902792877
языки;1;943;0.0;2.974511692737328
ветром;1;944;0.0;2.9749719942980684
выворачивало;1;945;0.0;2.9754318085092626
столетние;1;946;0.0;2.9758911364017924
дубы;1;947;0.0;2.976349979003273
пил;1;948;0.0;2.9768083373380656
солодки;1;949;0.0;2.9772662124272924
возился;1;950;0.0;2.9777236052888476
транспорт;1;951;0.0;2.978180516937414
мебель;1;952;0.0;2.978636948384474
природные;1;953;0.0;2.9790929006383258
зоны;1;954;0.0;2.979548374704095
мест;1;955;0.0;2.980003371583746
жители;1;956;0.0;2.9804578922760996
города;1;957;0.0;2.980911937776843
сотнями;1;958;0.0;2.981365509078544
базар;1;959;0.0;2.9818186071706636
вологду;1;960;0.0;2.982271233039568
потянулись;1;961;0.0;2.9827233876685453
творческие;1;962;0.0;2.9831750720378127
люди;1;963;0.0;2.9836262871245345
руси;1;964;0.0;2.9840770339028304
богомольцы;1;965;0.0;2.984527313343792
приложиться;1;966;0.0;2.984977126415493
святым;1;967;0.0;2.985426474083001
мощам;1;968;0.0;2.985875357308393
вспомним;1;969;0.0;2.986323777050765
жила;1;970;0.0;2.9867717342662448
тихвинская;1;971;0.0;2.9872192299080047
обитель;1;972;0.0;2.987666264926274
старой;1;973;0.0;2.9881128402683514
богомолье;1;974;0.0;2.9885589568786153
приезжали;1;975;0.0;2.9890046156985366
нашей;1;976;0.0;2.9894498176666913
предложные;1;977;0.0;2.9898945637187726
указывается;1;978;0.0;2.9903388547876015
область;1;979;0.0;2.9907826918031377
окружении;1;980;0.0;2.9912260756924947
пределах;1;981;0.0;2.9916690073799486
случае;1;982;0.0;2.9921114877869495
границами;1;983;0.0;2.9925535178321354
границы;1;984;0.0;2.9929950984313414
вопросу;1;985;0.0;2.9934362304976116
знаком;1;986;0.0;2.993876914941211
помощью;1;987;0.0;2.9943171526696366
целью;1;988;0.0;2.994756944587628
биологи;1;989;0.0;2.9951962915971793
уверены;1;990;0.0;2.9956351945975497
водорослей;1;991;0.0;2.9960736544852753
кораллы;1;992;0.0;2.996511672154178
способны;1;993;0.0;2.996949248495381
создавать;1;994;0.0;2.997386384397313
рифы;1;995;0.0;2.997823080745725
глупо;1;996;0.0;2.9982593384236984
сделано;1;997;0.0;2.9986951583116555
племянник;1;998;0.0;2.999130541287371
петербурге;1;999;0.0;2.9995654882259823
знакомых;1;1000;0.0;2.9999999999999996
вправе;1;1001;0.0;3.0004340774793183
произвол;1;1002;0.0;3.0008677215312267
судьбы;1;1003;0.0;3.001300933020418
красоты;1;1004;0.0;3.001733712809
любви;1;1005;0.0;3.0021660617565074
петр;1;1006;0.0;3.0025979807199086
иванович;1;1007;0.0;3.003029470553618
традиционного;1;1008;0.0;3.0034605321095063
бизнеса;1;1009;0.0;3.00389116623691
положение;1;1010;0.0;3.004321373782642
вполне;1;1011;0.0;3.0047511555910007
стабильно;1;1012;0.0;3.00518051250378
провели;1;1013;0.0;3.00560944536028
диаметр;1;1014;0.0;3.006037954997317
оплаты;1;1015;0.0;3.0064660422492313
получена;1;1016;0.0;3.0068937079479
квартира;1;1017;0.0;3.0073209529227443
входит;1;1018;0.0;3.0077477780007396
лечение;1;1019;0.0;3.008174184006426
проживание;1;1020;0.0;3.008600171761917
питание;1;1021;0.0;3.00902574208691
мое;1;1022;0.0;3.0094508957986936
поставлено;1;1023;0.0;3.0098756337121597
изгнанных;1;1024;0.0;3.0102999566398116
достойных;1;1025;0.0;3.010723865391773
своей;1;1026;0.0;3.011147360775797
участи;1;1027;0.0;3.011570443597278
вскоре;1;1028;0.0;3.0119931146592567
произошли;1;1029;0.0;3.0124153747624325
думаю;1;1030;0.0;3.012837224705172
международных;1;1031;0.0;3.0132586652835163
языков;1;1032;0.0;3.013679697291192
войдут;1;1033;0.0;3.0141003215196203
японский;1;1034;0.0;3.0145205387579233
русский;1;1035;0.0;3.014940349792936
обе;1;1036;0.0;3.015359755409214
цифры;1;1037;0.0;3.015778756389041
вставили;1;1038;0.0;3.016197353512439
автор;1;1039;0.0;3.016615547557177
тридцати;1;1040;0.0;3.0170333392987803
систем;1;1041;0.0;3.017450729510536
стратегии;1;1042;0.0;3.0178677189635055
контрольная;1;1043;0.0;3.0182843084265305
составлена;1;1044;0.0;3.018700498666243
выдали;1;1045;0.0;3.0191162904470725
имен;1;1046;0.0;3.0195316845312554
собственных;1;1047;0.0;3.0199466816788423
названий;1;1048;0.0;3.0203612826477073
фирм;1;1049;0.0;3.0207754881935576
арестованный;1;1050;0.0;3.021189299069938
заключенный;1;1051;0.0;3.021602716028242
обвиняемый;1;1052;0.0;3.02201573981772
осужденный;1;1053;0.0;3.022428371185486
сосланный;1;1054;0.0;3.0228406108765276
подсудимый;1;1055;0.0;3.0232524596337114
жи;1;1056;0.0;3.0236639181977933
госпожи;1;1057;0.0;3.024074987307426
господина;1;1058;0.0;3.0244856676991665
принять;1;1059;0.0;3.024895960107485
участие;1;1060;0.0;3.02530586526477
спасения;1;1061;0.0;3.0257153839013404
полярников;1;1062;0.0;3.02612451674545
петя;1;1063;0.0;3.0265332645232963
испробовал;1;1064;0.0;3.026941627959029
накопленные;1;1065;0.0;3.027349607774756
знания;1;1066;0.0;3.027757204690553
фигурантов;1;1067;0.0;3.0281644194244697
бирюлевских;1;1068;0.0;3.0285712526925375
волнениях;1;1069;0.0;3.028977705208778
обвиняемого;1;1070;0.0;3.0293837776852093
капитана;1;1071;0.0;3.0297894708318553
подобный;1;1072;0.0;3.030194785356751
обладание;1;1073;0.0;3.0305997219659506
выбор;1;1074;0.0;3.0310042813635367
сомнение;1;1075;0.0;3.0314084642516237
уверенность;1;1076;0.0;3.03181227133037
присутствовал;1;1077;0.0;3.0322157032979815
суде;1;1078;0.0;3.0326187608507196
свидетеля;1;1079;0.0;3.0330214446829102
сомневайтесь;1;1080;0.0;3.0334237554869494
этих;1;1081;0.0;3.03382569395331
высказали;1;1082;0.0;3.03422726077055
сомнения;1;1083;0.0;3.03462845662532
исключение;1;1084;0.0;3.035029282202368
составляют;1;1085;0.0;3.0354297381845483
случаи;1;1086;0.0;3.035829825252828
встречается;1;1087;0.0;3.0362295440862943
показывающих;1;1088;0.0;3.0366288953621607
бледность;1;1089;0.0;3.0370278797557746
выражение;1;1090;0.0;3.0374264979406234
кровинка;1;1091;0.0;3.0378247505883413
мрачность;1;1092;0.0;3.038222638368718
неуверенность;1;1093;0.0;3.038620161949703
свежесть;1;1094;0.0;3.0390173219974117
сходство;1;1095;0.0;3.039414119176137
тень;1;1096;0.0;3.0398105541483504
черта;1;1097;0.0;3.040206627574711
др;1;1098;0.0;3.0406023401140727
вики;1;1099;0.0;3.04099769242349
встретил;1;1100;0.0;3.0413926851582245
неподражаемую;1;1101;0.0;3.0417873189717515
смыслах;1;1102;0.0;3.0421815945157658
женщину;1;1103;0.0;3.0425755124401905
звук;1;1104;0.0;3.04296907339318
голоса;1;1105;0.0;3.043362278021129
заметная;1;1106;0.0;3.043755126968679
брезгливость;1;1107;0.0;3.044147620878723
давали;1;1108;0.0;3.0445397603924107
проиграно;1;1109;0.0;3.0449315461491597
нужно;1;1110;0.0;3.045322978786657
уверяла;1;1111;0.0;3.0457140589408676
расширенными;1;1112;0.0;3.0461047872460383
глазами;1;1113;0.0;3.0464951643347082
ловя;1;1114;0.0;3.04688519083771
климентьева;1;1115;0.0;3.0472748673841794
плевать;1;1116;0.0;3.0476641946015595
цените;1;1117;0.0;3.048053173115609
сказал;1;1118;0.0;3.0484418035504044
штрум;1;1119;0.0;3.0488300865283495
увидел;1;1120;0.0;3.049218022670181
ковченко;1;1121;0.0;3.049605612594973
обиду;1;1122;0.0;3.049992856920142
весёлое;1;1123;0.0;3.0503797562614574
удовольствие;1;1124;0.0;3.050766311233042
стиле;1;1125;0.0;3.051152522447381
действие;1;1126;0.0;3.051538390515327
приводится;1;1127;0.0;3.0519239160461065
упрощенными;1;1128;0.0;3.0523090996473234
правилами;1;1129;0.0;3.0526939419249675
заметим;1;1130;0.0;3.053078443483419
нему;1;1131;0.0;3.053462604925455
определения;1;1132;0.0;3.0538464268522523
глаголу;1;1133;0.0;3.054229909863397
общую;1;1134;0.0;3.0546130545568873
гармонию;1;1135;0.0;3.0549958615291413
нарушают;1;1136;0.0;3.055378331375
старинный;1;1137;0.0;3.0557604646877348
секретер;1;1138;0.0;3.056142262059052
маджолини;1;1139;0.0;3.0565237240791
изысканноромантические;1;1140;0.0;3.0569048513364723
картины;1;1141;0.0;3.0572856444182146
тонкого;1;1142;0.0;3.057666103909829
пуантилизма;1;1143;0.0;3.058046230395281
увлечений;1;1144;0.0;3.058426024457005
хозяйки;1;1145;0.0;3.0588054866759067
венгерский;1;1146;0.0;3.059184617631371
ролик;1;1147;0.0;3.0595634179012676
снят;1;1148;0.0;3.0599418880619544
черно;1;1149;0.0;3.060320028688285
белой;1;1150;0.0;3.0606978403536114
хроники;1;1151;0.0;3.0610753236297916
х;1;1152;0.0;3.061452479087193
годов;1;1153;0.0;3.0618293072946985
медленно;1;1154;0.0;3.0622058088197126
стала;1;1155;0.0;3.0625819842281627
меняться;1;1156;0.0;3.0629578340845103
лучшему;1;1157;0.0;3.0633333589517493
одежде;1;1158;0.0;3.063708559391417
держать;1;1159;0.0;3.0640834359635956
серьезные;1;1160;0.0;3.064457989226918
перемены;1;1161;0.0;3.0648322197385736
игры;1;1162;0.0;3.0652061280543115
сборной;1;1163;0.0;3.065579714728448
сопутствующие;1;1164;0.0;3.0659529803138694
перемене;1;1165;0.0;3.066325925362037
натренерском;1;1166;0.0;3.066698550422995
посту;1;1167;0.0;3.06707085604537
очевидны;1;1168;0.0;3.0674428427763805
врача;1;1169;0.0;3.06781451116184
успешного;1;1170;0.0;3.0681858617461617
окончания;1;1171;0.0;3.068556895072363
операции;1;1172;0.0;3.0689276116820716
трудный;1;1173;0.0;3.0692980121155293
миг;1;1174;0.0;3.0696680969115957
моей;1;1175;0.0;3.070037866607755
матери;1;1176;0.0;3.0704073217401193
отчества;1;1177;0.0;3.070776462843434
авалиста;1;1178;0.0;3.0711452904510823
выступать;1;1179;0.0;3.0715138050950888
актриса;1;1180;0.0;3.071882007306125
выступала;1;1181;0.0;3.0722498976135144
спектакле;1;1182;0.0;3.0726174765452363
маши;1;1183;0.0;3.0729847446279304
суток;1;1184;0.0;3.073351702386901
сообщение;1;1185;0.0;3.0737183503461223
управление;1;1186;0.0;3.074084689028244
событий;1;1187;0.0;3.074450718954591
происходящих;1;1188;0.0;3.074816440645175
английской;1;1189;0.0;3.075181854618691
монархией;1;1190;0.0;3.07554696139253
становится;1;1191;0.0;3.075911761482777
понятно;1;1192;0.0;3.0762762554042173
изложенного;1;1193;0.0;3.0766404436703416
утверждать;1;1194;0.0;3.0770043267933502
виден;1;1195;0.0;3.077367905284156
луны;1;1196;0.0;3.0777311796523916
жили;1;1197;0.0;3.07809415040641
легко;1;1198;0.0;3.0784568180532923
можете;1;1199;0.0;3.0788191830988483
представить;1;1200;0.0;3.0791812460476247
тв;1;1201;0.0;3.0795430074029055
женщина;1;1202;0.0;3.0799044676667204
мужчина;1;1203;0.0;3.0802656273398443
верховная;1;1204;0.0;3.080626486921805
рада;1;1205;0.0;3.0809870469108867
украины;1;1206;0.0;3.0813473078041325
ужесточила;1;1207;0.0;3.081707270097349
уголовное;1;1208;0.0;3.082066934285113
наказание;1;1209;0.0;3.0824263008607717
сепаратизм;1;1210;0.0;3.0827853703164494
событиями;1;1211;0.0;3.083144143143052
юго;1;1212;0.0;3.083502619830267
востоке;1;1213;0.0;3.0838608008665727
состоять;1;1214;0.0;3.0842186867392387
женатым;1;1215;0.0;3.084576277934331
мужчиной;1;1216;0.0;3.084933574936716
завещания;1;1217;0.0;3.0852905782300644
задачи;1;1218;0.0;3.0856472882968564
теоремы;1;1219;0.0;3.0860037056183813
документы;1;1220;0.0;3.086359830674748
договор;1;1221;0.0;3.086715663944882
дела;1;1222;0.0;3.0870712059065353
решались;1;1223;0.0;3.087426457036285
судом;1;1224;0.0;3.087781417809542
присяжных;1;1225;0.0;3.088136088700551
гласности;1;1226;0.0;3.088490470182396
контракта;1;1227;0.0;3.088844562727004
оговаривалось;1;1228;0.0;3.0891983668051486
вплоть;1;1229;0.0;3.0895518828864534
качеств;1;1230;0.0;3.0899051114393976
матраса;1;1231;0.0;3.090258052931316
природа;1;1232;0.0;3.0906107078284064
территория;1;1233;0.0;3.0909630765957314
заболел;1;1234;0.0;3.091315159697223
переутомления;1;1235;0.0;3.0916669575956846
червяки;1;1236;0.0;3.0920184707527967
ползали;1;1237;0.0;3.09236969962912
грядки;1;1238;0.0;3.092720644684099
углам;1;1239;0.0;3.0930713063760633
деепр;1;1240;0.0;3.093421685162235
окончившие;1;1241;0.0;3.0937717814987296
сделку;1;1242;0.0;3.0941215958405612
спешили;1;1243;0.0;3.0944711286416444
трактир;1;1244;0.0;3.0948203803547996
кабак;1;1245;0.0;3.0951693514317546
состоянию;1;1246;0.0;3.0955180423231505
девочка;1;1247;0.0;3.0958664534785423
перебегала;1;1248;0.0;3.096214585346405
улицу;1;1249;0.0;3.0965624383741353
вводн;1;1250;0.0;3.096910013008056
образовывать;1;1251;0.0;3.0972573096934197
выделен;1;1252;0.0;3.0976043288744104
подход;1;1253;0.0;3.09795107099415
оправдан;1;1254;0.0;3.0982975364946976
упрощения;1;1255;0.0;3.0986437258170567
производства;1;1256;0.0;3.098989639401177
логистики;1;1257;0.0;3.0993352776859573
руководителей;1;1258;0.0;3.0996806411092495
слившихся;1;1259;0.0;3.100025730107862
компаний;1;1260;0.0;3.1003705451175625
ресурсы;1;1261;0.0;3.1007150865730817
гармонично;1;1262;0.0;3.101059354908115
дополняют;1;1263;0.0;3.1014033505553305
друг;1;1264;0.0;3.101747073946366
кабель;1;1265;0.0;3.1020905255118367
компании;1;1266;0.0;3.102433705681336
составлял;1;1267;0.0;3.102776614883441
существенную;1;1268;0.0;3.1031192535457137
проблему;1;1269;0.0;3.1034616220947044
журнал;1;1270;0.0;3.103803720955957
образцовым;1;1271;0.0;3.104145550554008
доступной;1;1272;0.0;3.104487111312395
корякову;1;1273;0.0;3.1048284036536553
вводные;1;1274;0.0;3.105169427999331
являющихся;1;1275;0.0;3.1055101847699738
наибольшей;1;1276;0.0;3.105850674385143
вводного;1;1277;0.0;3.106190897263415
определяется;1;1278;0.0;3.106530853822381
выделению;1;1279;0.0;3.106870544478654
кончилось;1;1280;0.0;3.107209969647868
переехали;1;1281;0.0;3.107549129744686
петербург;1;1282;0.0;3.1078880251827985
учил;1;1283;0.0;3.1082266563749283
наукам;1;1284;0.0;3.1085650237328344
помогающим;1;1285;0.0;3.1089031276673134
разбираться;1;1286;0.0;3.1092409685882028
вещей;1;1287;0.0;3.1095785469043866
пети;1;1288;0.0;3.1099158630237933
захотите;1;1289;0.0;3.1102529173534026
лидия;1;1290;0.0;3.110589710299249
предоставлять;1;1291;0.0;3.11092624226642
льготным;1;1292;0.0;3.111262513659065
процентным;1;1293;0.0;3.1115985248803937
ставкам;1;1294;0.0;3.111934276332681
предлагается;1;1295;0.0;3.11226976841727
бонус;1;1296;0.0;3.112605001534574
полагает;1;1297;0.0;3.1129399760840797
сегменты;1;1298;0.0;3.11327469246435
бд;1;1299;0.0;3.1136091510730277
циркулируют;1;1300;0.0;3.1139433523068365
рабочих;1;1301;0.0;3.114277296561586
станций;1;1302;0.0;3.1146109842321725
лвс;1;1303;0.0;3.1149444157125843
затем;1;1304;0.0;3.115277591395901
расширенный;1;1305;0.0;3.1156105116742996
уточненный;1;1306;0.0;3.1159431769390546
запрос;1;1307;0.0;3.116275587580544
передается;1;1308;0.0;3.1166077439882485
программе;1;1309;0.0;3.1169396465507555
выделяются;1;1310;0.0;3.117271295655764
союзами;1;1311;0.0;3.117602691690084
схожу;1;1312;0.0;3.117933835039641
взглядов;1;1313;0.0;3.118264726089479
наверное;1;1314;0.0;3.1185953652237615
должны;1;1315;0.0;3.1189257528257763
трубами;1;1316;0.0;3.1192558892779365
плохие;1;1317;0.0;3.1195857749617835
практика;1;1318;0.0;3.119915410257991
делам;1;1319;0.0;3.120244795546365
путинские;1;1320;0.0;3.1205739312058496
рокировки;1;1321;0.0;3.120902817614527
отложили;1;1322;0.0;3.121231455149621
надолго;1;1323;0.0;3.1215598441875008
широкой;1;1324;0.0;3.121887985103681
промежуточный;1;1325;0.0;3.122215878272826
этап;1;1326;0.0;3.122543524068754
рассказываю;1;1327;0.0;3.122870922864435
начальство;1;1328;0.0;3.1231980750319983
долгие;1;1329;0.0;3.1235249809427317
годы;1;1330;0.0;3.123851640967086
подчинённого;1;1331;0.0;3.124178055474675
савелий;1;1332;0.0;3.1245042248342823
запаздывает;1;1333;0.0;3.1248301494138593
охарактеризовать;1;1334;0.0;3.12515582958053
неудачник;1;1335;0.0;3.1254812657005937
прочие;1;1336;0.0;3.1258064581395266
приведем;1;1337;0.0;3.126131407261984
укладываются;1;1338;0.0;3.1264561134318036
описанные;1;1339;0.0;3.1267805770120085
рамки;1;1340;0.0;3.1271047983648073
частица;1;1341;0.0;3.1274287778515983
местоимение;1;1342;0.0;3.1277525158329733
тебе;1;1343;0.0;3.128076012668715
скучно;1;1344;0.0;3.128399268717806
целый;1;1345;0.0;3.1287222843384264
день;1;1346;0.0;3.129045059887958
сидеть;1;1347;0.0;3.1293675957229854
хочешь;1;1348;0.0;3.1296898921993006
потерял;1;1349;0.0;3.130011949671904
покой;1;1350;0.0;3.130333768495006
письмом;1;1351;0.0;3.1306553490220304
получил;1;1352;0.0;3.1309766916056168
телеграмму;1;1353;0.0;3.1312977965976225
обожает;1;1354;0.0;3.131618664349125
статистику;1;1355;0.0;3.131939295210424
исторические;1;1356;0.0;3.132259689531044
факты;1;1357;0.0;3.132579847659737
мужского;1;1358;0.0;3.1328997699444825
женского;1;1359;0.0;3.133219456732494
сути;1;1360;0.0;3.133538908370217
имеет;1;1361;0.0;3.1338581252033344
место;1;1362;0.0;3.134177107576766
шантаж;1;1363;0.0;3.1344958558346736
радостью;1;1364;0.0;3.13481437032046
говорил;1;1365;0.0;3.1351326513767748
знатности;1;1366;0.0;3.1354506993455136
заключение;1;1367;0.0;3.135768514567822
нашем;1;1368;0.0;3.136086097384097
варианте;1;1369;0.0;3.1364034481339895
неоднословных;1;1370;0.0;3.1367205671564067
лексических;1;1371;0.0;3.137037454789512
русскоязычного;1;1372;0.0;3.1373541113707324
текста;1;1373;0.0;3.1376705372367546
следовали;1;1374;0.0;3.1379867327235313
принципам;1;1375;0.0;3.138302698166281
использованным;1;1376;0.0;3.138618433899492
особые;1;1377;0.0;3.138933940256923
свободными;1;1378;0.0;3.139249217571607
сочетаниями;1;1379;0.0;3.1395642661758494
омонимичными;1;1380;0.0;3.139879086401236
имели;1;1381;0.0;3.140193678578631
специальных;1;1382;0.0;3.1405080430381793
пометок;1;1383;0.0;3.1408221801093106
ввели;1;1384;0.0;3.141136090120739
обозначения;1;1385;0.0;3.141449773400467
реализации;1;1386;0.0;3.141763230275788
имеются;1;1387;0.0;3.1420764610732843
правила;1;1388;0.0;3.142389466118836
позволяют;1;1389;0.0;3.1427022457376155
необходимости;1;1390;0.0;3.143014800254095
объединять;1;1391;0.0;3.143327129992046
токенов;1;1392;0.0;3.1436392352745433
отметить;1;1393;0.0;3.1439511164239633
иногда;1;1394;0.0;3.1442627737619904
однозначно;1;1395;0.0;3.144574207609616
решить;1;1396;0.0;3.144885418287142
вопрос;1;1397;0.0;3.1451964061141817
устойчивым;1;1398;0.0;3.1455071714096623
омонимичным;1;1399;0.0;3.1458177144918276
свободным;1;1400;0.0;3.1461280356782377
сочетанием;1;1401;0.0;3.146438135285774
невозможно;1;1402;0.0;3.1467480136306394
оценки;1;1403;0.0;3.1470576710283598
разработанных;1;1404;0.0;3.147367107793786
алгоритмов;1;1405;0.0;3.147676324241098
анализатора;1;1406;0.0;3.147985320683805
проводился;1;1407;0.0;3.1482940974347455
автоматический;1;1408;0.0;3.1486026548060932
разбор;1;1409;0.0;3.148910993109356
выборок;1;1410;0.0;3.1492191126553797
каждого;1;1411;0.0;3.149527013754348
этом;1;1412;0.0;3.1498346967157844
осуществлялось;1;1413;0.0;3.1501421618485583
разделение;1;1414;0.0;3.15044940946088
определенным;1;1415;0.0;3.150756439860309
семантическим;1;1416;0.0;3.1510632533537497
значением;1;1417;0.0;3.1513698502474603
дальнейшая;1;1418;0.0;3.1516762308470474
ручная;1;1419;0.0;3.1519823954574737
оценка;1;1420;0.0;3.1522883443830563
каждой;1;1421;0.0;3.1525940779274695
показывает;1;1422;0.0;3.152899596393747
точность;1;1423;0.0;3.153204900084284
порядка;1;1424;0.0;3.1535099893008374
