ключевые выражения;19
корпус;18
ткикл;12
тексты;10
аннотации;9
именованные сущности;8
ключевые слова;6
таблица;6
применение;5
использование;5
компьютерная лингвистика;4
абстрактивная суммаризация;4
текст;4
суммаризация;4
разметка;4
лемматизация;4
экстрактивная суммаризация;3
тексты корпуса;3
машинное обучение;3
именованные сущность;3
структура;3
статья;3
стати;3
словосочетания;3
рис;3
решение;3
работа;3
проведение;3
предложения;3
наборы;3
генерация;3
аннотация;3
рассматриваемая предметная область;2
экспертная разметка;2
помощь алгоритмов;2
оригинальное текст;2
ограниченный объём;2
нетекстовые элементы;2
неразмеченные тексты;2
необходимость восстановления;2
научные стати;2
научная статья;2
лемматизированные тексты;2
ключевые выражение;2
исходное текст;2
данная статья;2
вычислительные онтология;2
английский язык;2
авторские наборы;2
surname_conference name_year;2
этапы;2
читатели;2
ход;2
форма;2
упрощение;2
токены;2
состав;2
создание;2
сборники;2
сбор;2
рисунки;2
разработка;2
процесс;2
проект;2
перефразирование;2
обработка;2
заключение;2
задачи;2
задача;2
годы;2
возможность;2
txt;2
rake;2
ims_raw;2
ims_lemmatized;2
ims;2
full_corpus;2
corpora_raw;2
corpora_lemmatized;2
corpora;2
2004_thesis;2
значительная часть трудов конференций corporaи ims compling;1
унификация формата описания структуры текста;1
содержащая тема работы секций конференций;1
разработка системы визуализации результатов поиска;1
повышение качества анализа содержания текста;1
круговой диаграмма сравнения числа текстов;1
круговой диаграмма сравнения количества токенов;1
широкий тематический диапазон текстов;1
шаблоны оформления текстов статей;1
третий этап формирования корпуса;1
точка зрения передачи содержания;1
тексты сегмента ims compling;1
средний объём текстов статей;1
следующие особые именованные сущность;1
представляющий материалы конференции corpora;1
основа материалов конференций corpora;1
наибольшее среднее количество токенов;1
краткое изложение цели исследования;1
компьютерная лингвистика виктора павловича;1
данная экспертная тематическая разметка;1
второй этап разработки корпуса;1
включающая следующие процедуры:₋автоматическое выделение;1
вклад материалов конференции ims;1
верификация результатов кластеризации текстов;1
автоматический подсчёт количества токенов;1
автоматические методы обработки данных;1
автоматическая генерация аннотаций текстов;1
18 текстов),общее количество текстов;1
язык программирования python;1
эталонные ключевые выражение;1
экспертная разметка текстов;1
ход составления корпуса;1
формирование базы данных;1
унификация представления текстов;1
уникальные именованные сущности;1
ткиклпроцедура формирования корпуса;1
тематическая рубрикация текстов;1
тематики.существующие программные комплексы;1
структура корпуса текстов;1
статья ims compling;1
стати ims compling;1
сравнение алгоритмов генерации;1
соответствующийсегмент ims compling;1
сокращение плана выражения;1
следующее этап работы;1
семейство трансформер rut5_base_sum_gazeta[18;1
самые высокие результаты;1
решение задачи извлечения;1
результат серии экспериментов;1
рассматриваемый набор методов;1
распределение количества токенов;1
различные методы выделения;1
развёрнутый набор тегов;1
процесс формирования корпуса;1
процедура составления корпуса;1
программные интерфейсы приложений;1
программа stanford ner;1
применение корпусов текстов;1
применение библиотек natasha;1
применение алгоритма rutrmextract;1
помощь библиотеки pymorphy2;1
помощь алгоритма rutermextract;1
подробное описание корпуса;1
первые три слова;1
первые два этапа;1
первые два каталога;1
первое сегмент текстов;1
отсутствующие компоненты текста;1
отношение частоты употребления;1
отбор методов выделения;1
основный содержание исследования;1
основные результаты исследования;1
основные методы исследования;1
основные методы выделения;1
основной части документа;1
организационные комитеты конференций;1
одно корпус текстов;1
общий размер корпуса;1
общее количество токенов;1
новое корпусный ресурс;1
некоторые другие материалы;1
начальная часть текста;1
написанная доступный язык;1
наибольшее количество токенов;1
наибольшее количество текстов;1
мультимодальная тематическая разметка;1
многопараметрический поиск источников;1
материалы трудов конференций;1
материалы семинара ims;1
малейшее количество текстов;1
краткое содержание текста;1
корпусная лингвистике;₋типы информации;1
ключевые аспекты текста;1
исследование этапов становления;1
использованный издательский шаблон;1
информационно-поисковый портрет текста;1
задачи:₋формирование корпуса статей;1
задача систематизации рубрик;1
дополнительное деление корпуса;1
двадцатилетний период проведения;1
два алгоритма суммаризации;1
дальнейшее развитие проекта;1
год публикации сборника;1
глубинный машинное обучение;1
главный организатор конференций;1
высокая концентрация терминов;1
возможность извлечения n-грамм;1
включающее материалы конференции;1
важный компонент структуры;1
большое объём информации;1
базовые количественные характеристики;1
авторские ключевые выражение;1
автоматическая суммаризация текста;1
автоматическая обработка текста;1
автоматическая генерация меток;1
автоматическая генерация аннотаций;1
абстрактивный метод суммаризации;1
named entity recognition;1
50 текстах корпуса;1
4 данной статьи;1
25]).особые именованные сущность;1
электронная коллекция;1
экстрактивный подход;1
четвёртый этап;1
ценные материалы;1
ценная информация;1
цель проекта;1
ход экспериментов;1
ход работы;1
ход индексирования;1
ход анализа;1
файлы формата;1
файлы статей;1
уточнение формата;1
улучшение качества;1
трудоёмкий процесс;1
три словосочетания;1
три каталога;1
требования imrad;1
точные результаты;1
точка зрения;1
токенов.каталог full_corpus;1
ткиклавтоматическое выделение;1
тип текста;1
технологическая реализация;1
терминологическое ресурс;1
теоретические выводы;1
тематический моделирование;1
тематические тексты;1
тематические рубрика;1
тематические модели;1
тексты сегмента;1
тег ims;1
такой образ;1
такое подход;1
такое подкорпус;1
такие случаи;1
такая подход;1
сходные содержание;1
сходные механизмы;1
схема рубрикации;1
существующие лакуны;1
структурированные данные;1
структура корпуса;1
стег corpora;1
статистические признаки;1
статистические модели;1
статистическая информация;1
стати cl;1
стандартный набор;1
способствующая формирование;1
список изданий;1
специфические объекты;1
специализированные парсеры;1
сопоставимый подкорпус;1
соответствующие сборники;1
содержание текстов;1
содержание текста;1
следующий шаблон;1
следующие элементы;1
следующие работа;1
следующие выводы:₋из;1
слабоструктурированная информация;1
семантическая компрессия;1
сегмент корпуса;1
сборники cl2002–2008;1
сборка массива;1
сбор материалов;1
сами файлы;1
русскоязычные тексты;1
решение задачи;1
репрезентативность корпуса;1
результирующий текст;1
результат подготовки;1
региональная пресса;1
реализованный наязык;1
разные годы;1
разнородные алгоритмы;1
разная структура;1
размеченные данные;1
разметка метаданных;1
различные области;1
различные методы;1
процесс подготовки;1
пространственно-позиционные признаки;1
проект deeppavlov;1
программные инструменты;1
проведённое исследование;1
проведение процедур;1
проблемы создания;1
принципы стандартизации;1
пример разметки;1
применение моделей;1
преобразование текстов;1
предыдущие эксперименты;1
предшествующие исследования;1
предмет дискуссий;1
предложенный челны;1
предлагаемые решения;1
потенциальная значимость;1
поставленная цель;1
понимание текста;1
помощь счётчика;1
помощь модели;1
поисковый сервис;1
подробная классификация;1
петербургская школа;1
первый этап;1
первый абзац;1
пара корпусов;1
папки годов;1
память основателя;1
отдельные субъекты;1
отдельные статья;1
отдельные сборники;1
особое значение;1
основные проблемы;1
основные подход;1
основные направления;1
основные вопросы;1
основное отличие;1
основа данных;1
ориентированность процедур;1
оригинальный текст;1
организация процедур;1
определённый документ;1
определённый вид;1
определённое значение;1
одна проблема;1
объём сегмента;1
общее объём;1
общая тенденция;1
общая совокупность;1
обработка информации;1
обеспечение единообразия;1
нормализация названий;1
новые тексты;1
новое текст;1
новое содержание;1
необходимая процедура;1
некоторые проблемы;1
некоторая вариативность;1
наши наблюдения;1
наше учитель;1
наша статья;1
наш исследование;1
научный тексты;1
научные встречи;1
научное текст;1
насыщенные тексты;1
настоящий проект;1
настоящее проект;1
наихорошие результаты;1
наибольший вес;1
назначаемые авторы;1
название файлов;1
название папок;1
название организаций;1
название конференций;1
название конференции;1
название категории;1
наборы правил;1
модель ner;1
многоязычная суммаризация;1
методы выделения;1
малейшее количество;1
логико-понятийная схема;1
лемматизированные файлы;1
лемматизация текстов;1
лексические единицы;1
лексико-грамматическая организация;1
лаконичное изложение;1
краткое резюме;1
краткое описание;1
краткое обзор;1
корпусная лингвистика;1
корпусе;₋генерация аннотаций;1
корпус текстов;1
конкретные организация;1
конец текста;1
коллокационная природа;1
количественный состав;1
количественные параметры;1
классы документов;1
качество алгоритма;1
качественная аннотация;1
каждый вид;1
итоговый тексты;1
исходный материал;1
исходные предложения;1
исходное содержание;1
источники материалов;1
исследуемый период;1
использование инструментов;1
информационный поиск;1
информационные технологии;1
информационное поиск;1
имеющиеся тексты;1
имена файлов;1
извлечение предложений;1
извлечение информации;1
задача распознавания;1
естественные языки;1
другие имена;1
другие n-граммы;1
детерминированные характеристики;1
два подходами;1
два конференций;1
данные корпуса;1
данная проблемы;1
дальнейшие перспективы;1
дальнейшая обработка;1
годы издания;1
генерируемые аннотации;1
вычислительный онтологии;1
выражений;₋автоматическая генерация;1
выделенные эксперты;1
второе сегмент;1
втексты корпуса;1
вся статья;1
все файлы;1
возникающие вопросы;1
возможный тег;1
возможность использования;1
возможное несоответствие;1
вложенные сущности;1
ванализ текстов;1
важный этап;1
важные фрагменты;1
важная роль;1
библиотека sumy[17;1
библиотека natasha;1
аннотаций;₋тематическое моделирование;1
аннотации текста;1
аннотации sumy;1
аннотации c;1
англоязычные тексты;1
аналогичные предметы;1
анализ наборов;1
алгоритмы yake;1
алгоритмы pullenti;1
алгоритм rutermextract;1
авторская аннотации;1
автоматическое извлечение;1
автоматическое выделение;1
автоматический выделение;1
автоматические методы;1
автоматическая разметка;1
автоматическая генерация;1
автоматизация выделения;1
thesis year_lem.txt;1
nested entities;1
named entities;1
information extraction;1
ims compling;1
and discussion;1
65412 токенов;1
643 файла;1
49 текстов;1
46963 токенов;1
442 файла;1
250 слов;1
202421собая вариант;1
2023 гг;1
2023 г;1
2021 гг;1
2017 году;1
2015 года;1
2013 году;1
2011 году;1
201 файл;1
2005 году;1
2004 году;1
2004 года;1
2002 года;1
2 раза;1
12 папок;1
11 папок;1
явления;1
явление;1
шаблон;1
читатель;1
цель;1
хи-квадрат;1
фразы;1
фрагменты;1
формирование;1
формат;1
финансы;1
фильтрация;1
учёт;1
уточнение;1
уровень;1
упоминание;1
униграммы;1
униграмм;1
удаление;1
увеличение;1
триграммы;1
триграмм;1
типичность;1
течение;1
термины;1
терминосочетания;1
терминология;1
тенденция;1
тема;1
тезисы;1
теги;1
таблы;1
степень;1
статьи;1
статус;1
статей;₋систематизация;1
ссылки;1
способы;1
способность;1
содержание;1
события;1
случай;1
словосочетание;1
слово;1
систематизация;1
семинары;1
семинар;1
связь;1
ряд;1
руководитель;1
рубрики;1
рубрикация;1
род;1
результаты;1
результат;1
регистрация;1
распределение;1
расположение;1
распознавание;1
ранжирование;1
разделы;1
развитие;1
протокол;1
программа;1
проблемы;1
причина;1
примеры;1
предметы;1
пределы;1
правило;1
построение;1
порождение;1
понятия;1
получение;1
подробности;1
плотность;1
планы;1
персоналия;1
папки;1
отсутствие;1
отношение;1
отличие;1
основное;1
основание;1
основа;1
оригинал;1
ожидания;1
объём;1
объекты;1
образ;1
новости;1
наличие;1
названия;1
название;1
набор;1
метаинформация;1
место;1
медицина;1
маркировка;1
локализация;1
лакуна;1
корпусе;₋размётка;1
контекст;1
комбинирование;1
коллеги;1
код;1
классификация;1
каталоги;1
каталог;1
источники;1
история;1
исследование;1
иопыт;1
информация;1
интересы;1
изменения;1
изменение;1
извлечение;1
значения;1
захарова;1
заголовок;1
зависимость;1
достижение;1
документы;1
документ;1
длина;1
дата;1
выражение;1
выделение;1
выводы;1
вывод;1
вцелое;1
встречаемость;1
всборникахcl2002–2008с;1
введение;1
биграммы;1
биграмм;1
библиотека;1
аффилиация;1
аспекты;1
анализ;1
алгоритмы;1
алгоритм;1
авторы;1
year_thesis_lem;1
year_thesis;1
year_lem;1
year;1
yargy-парсер;1
yargy-parser;1
yake;1
topicrank,с;1
topicrank;1
time;1
thesis_year.txt;1
tf-idf;1
spacy;1
results;1
python.таким;1
person;1
percentage[27].однако;1
organization;1
ner;1
ne;1
multirake,pullenti;1
money;1
methods;1
masevich_ims_2018.txt;1
log-likelihood;1
location;1
keybert[7;1
introduction;1
ie;1
gerd_cl_thesis_2004.txt;1
gerd_cl_2011_lem.txt;1
gerd_cl_2006.txt;1
f-мера;1
date;1
api;1
alexeeva_ims_2015_lem.txt;1
2004_thesis_lem;1
2004_lem;1
1млн;1
14],ь;1
