новостного информационного;0.5023
сообщения информационная;0.4897
информационного потока;0.4765
пользователя информационного;0.4752
основе информационной;0.4634
информационной деятельности;0.4622
информационными потребностями;0.4481
описаны сообщениях;0.4452
информационного блока;0.4439
информационного;0.4382
сообщения описываются;0.435
новостных web;0.4324
объединение профилей;0.432
его информационный;0.4303
sites певзнер;0.4302
подобными сообщениями;0.4301
подобные сообщения;0.427
информационных блоков;0.4227
блок информации;0.4219
иныe сообщения;0.4208
