новостного информационного потока;0.5328
иныe сообщения информационная;0.5251
из новостного информационного;0.5134
основе информационной деятельности;0.5083
новостного информационного;0.5023
информационного потока релевантных;0.4954
функции новостных web;0.4928
сообщения информационная;0.4897
подобные сообщения описываются;0.4852
пользователя информационного блока;0.4821
информационными потребностями google;0.4817
информационного потока;0.4765
информационного блока включающего;0.476
пользователя информационного;0.4752
кластер пользователя информационного;0.4745
сообщения информационная часть;0.474
описаны сообщениях помощью;0.4639
основе информационной;0.4634
объединение профилей входящих;0.4623
информационной деятельности;0.4622
