bigram;freq
('корпусной', 'лингвистики');17
('обучении', 'ия');8
('корпусной', 'лингвистике');7
('подходов', 'корпусной');7
('обучения', 'ия');5
('открытом', 'доступе');5
('онлайн', 'корпусов');5
('преподавателей', 'ия');5
('планов', 'уроков');5
('учебные', 'материалы');5
('открытых', 'образовательных');4
('английского', 'языка');4
('учебных', 'материалов');4
('ленко', 'шиманска');4
('образовательных', 'ресурсов');4
('области', 'корпусной');4
('свободном', 'доступе');4
('средней', 'школы');4
('корпусной', 'лингводидактики');4
('открытое', 'образование');3
('иностранных', 'языков');3
('лингвистики', 'обучении');3
('план', 'урока');3
('использования', 'подходов');3
('которые', 'можно');3
('видео', 'урока');3
('использованию', 'корпусов');3
('н', 'вяткиной');3
('корпусного', 'менеджера');3
('русского', 'языка');3
('записи', 'вебинаров');3
('ланкастерском', 'университете');2
('онлайн', 'корпуса');2
('оон', 'юнеско');2
('своем', 'канале');2
('т', 'д');2
('рекомендациях', 'развитию');2
('проблемой', 'является');2
('продолжительностью', 'мин');2
('множественного', 'числа');2
('сайте', 'университета');2
('сайта', 'нкри');2
('высшего', 'образования');2
('речи', 'диктора');2
('университета', 'квинсленда');2
('образовательными', 'ресурсами');2
('доступе', 'онлайн');2
('словарного', 'запаса');2
('расширение', 'словарного');2
('является', 'расширение');2
('т', 'макэнери');2
('открытыми', 'образовательными');2
('презентации', 'докладчиков');2
('доступные', 'онлайн');2
('доступ', 'ним');2
('доступных', 'онлайн');2
('мини', 'уроков');2
('изучающих', 'английский');2
('английский', 'язык');2
('язык', 'иностранный');2
('русскоязычном', 'сегменте');2
('сегменте', 'интернета');2
('вебинары', 'проходили');2
('исследований', 'области');2
('национального', 'корпуса');2
('открытой', 'науки');2
('корпуса', 'русского');2
('ия', 'использованием');2
('использованием', 'подходов');2
('находящиеся', 'открытом');2
('созданию', 'собственного');2
('описанных', 'статьях');2
('дальнейшего', 'исследования');2
('л', 'антони');2
('требует', 'дальнейшего');2
('видео', 'колеблется');2
('н', 'вяткина');2
('вебинаров', 'доступны');2
('доступны', 'канале');2
('проведенный', 'анализ');2
('школы', 'й');2
('использовать', 'изучении');2
('созданных', 'оор');2
('специального', 'корпуса');2
('собственного', 'специального');2
('лингводидактики', 'обучении');2
('верные', 'слова');2
('корпуса', 'коллекции');2
('науку', 'информацию');2
('письменных', 'навыков');2
('моок', 'курсы');2
('апробация', 'курса');2
('введение', 'материала');2
('проектной', 'деятельности');2
('нкря', 'содержит');2
('можно', 'использовать');2
('находящихся', 'свободном');2
('ия', 'желающих');2
('использованием', 'корпусов');2
('целый', 'ряд');2
('продолжительностью', 'минут');2
('подходов', 'кл');2
('повышения', 'квалификации');2
('преподавания', 'ия');2
('открытый', 'доступ');2
('самообразования', 'преподавателей');2
('курса', 'описана');2
('будапештская', 'инициатива');2
('недостаточная', 'подготовка');2
('контексте', 'парадигмы');2
('образование', 'науку');2
('примеры', 'заданий');2
('данном', 'случае');2
('педагогическую', 'практику');2
('подготовка', 'преподавателей');2
('привязки', 'планов');2
('задания', 'основе');2
('такая', 'возможность');1
('видео', 'месяц');1
('х', 'видео');1
('контексте', 'статьи');1
('представляется', 'х');1
('возможность', 'представляется');1
('субтитрами', 'видео');1
('показ', 'сопровождается');1
('сопровождается', 'субтитрами');1
('видео', 'можно');1
('статьи', 'важно');1
('версии', 'такая');1
('бесплатной', 'версии');1
('можно', 'остановить');1
('месяц', 'другая');1
('др', 'видеофрагмент');1
('лексики', 'контексте');1
('уровнем', 'сложности');1
('длится', 'минуты');1
('незнакомой', 'лексики');1
('категориях', 'др');1
('курсов', 'категориях');1
('мини', 'курсов');1
('минуты', 'показ');1
('остановить', 'любом');1
('тестирования', 'незнакомой');1
('сложности', 'мини');1
('касается', 'тестирования');1
('версии', 'касается');1
('платной', 'версии');1
('возможность', 'платной');1
('другая', 'возможность');1
('видеофрагмент', 'длится');1
('системой', 'автоматически');1
('месте', 'прослушать');1
('диктора', 'бесплатной');1
('важно', 'отметить');1
('пользователю', 'предлагают');1
('фрагмент', 'спектрограммой');1
('произнесенный', 'фрагмент');1
('сравнивает', 'произнесенный');1
('автоматически', 'сравнивает');1
('предлагают', 'посмотреть');1
('которая', 'автоматически');1
('посмотреть', 'тематически');1
('тематически', 'близких');1
('близких', 'видео');1
('видео', 'выбранного');1
('спектрограммой', 'речи');1
('записи', 'речи');1
('технология', 'записи');1
('выбранного', 'уровня');1
('передовая', 'технология');1
('уровня', 'сложности');1
('сложности', 'которые');1
('интегрирована', 'передовая');1
('систему', 'интегрирована');1
('автоматически', 'систему');1
('которые', 'подбираются');1
('урока', 'пользователю');1
('диктора', 'оценивая');1
('произношение', 'речи');1
('примеры', 'употребления');1
('любом', 'месте');1
('приблизить', 'произношение');1
('подбираются', 'системой');1
('пытаясь', 'приблизить');1
('прослушать', 'незнакомое');1
('попытки', 'пытаясь');1
('повторять', 'попытки');1
('незнакомое', 'слово');1
('слово', 'увидеть');1
('увидеть', 'примеры');1
('неоднократно', 'повторять');1
('оценивая', 'близость');1
('употребления', 'всплывающем');1
('всплывающем', 'окне');1
('окне', 'затем');1
('учащийся', 'неоднократно');1
('затем', 'вернуться');1
('процентах', 'учащийся');1
('попытки', 'процентах');1
('вернуться', 'просмотру');1
('просмотру', 'видео');1
('близость', 'попытки');1
('речи', 'которая');1
('корпусная', 'лингводидактика');1
('отметить', 'каждого');1
('высказать', 'собственное');1
('платформа', 'созданная');1
('является', 'платформа');1
('ия', 'является');1
('обучение', 'ия');1
('лингвистики', 'обучение');1
('интегрированию', 'корпусной');1
('практикой', 'интегрированию');1
('успешной', 'практикой');1
('одной', 'успешной');1
('урока', 'одной');1
('информации', 'видео');1
('основе', 'информации');1
('мнение', 'основе');1
('собственное', 'мнение');1
('побуждают', 'высказать');1
('каждого', 'видео');1
('вопроса', 'побуждают');1
('других', 'вопроса');1
('видеосюжета', 'других');1
('идею', 'видеосюжета');1
('основную', 'идею');1
('сформулировать', 'основную');1
('кратко', 'сформулировать');1
('просит', 'кратко');1
('й', 'просит');1
('обсуждения', 'й');1
('вопроса', 'обсуждения');1
('предлагает', 'вопроса');1
('задание', 'предлагает');1
('даны', 'задание');1
('созданная', 'кафедре');1
('кафедре', 'лингвистики');1
('лингвистики', 'современных');1
('современных', 'языков');1
('разработанных', 'планов');1
('детально', 'разработанных');1
('материалов', 'детально');1
('примеры', 'учебных');1
('помещены', 'примеры');1
('разделе', 'помещены');1
('др', 'разделе');1
('корпусом', 'др');1
('параллельным', 'корпусом');1
('работе', 'параллельным');1
('навыков', 'работе');1
('развития', 'письменных');1
('произношения', 'развития');1
('грамматики', 'произношения');1
('минут', 'грамматики');1
('видеоролики', 'продолжительностью');1
('учебные', 'видеоролики');1
('небольшие', 'учебные');1
('лингводидактики', 'небольшие');1
('лингвистики', 'лингводидактики');1
('преподавателей', 'области');1
('квалификации', 'самообразования');1
('материалы', 'повышения');1
('представлены', 'материалы');1
('платформе', 'представлены');1
('руководством', 'платформе');1
('гонконга', 'руководством');1
('университете', 'гонконга');1
('языков', 'университете');1
('ответы', 'даны');1
('выбора', 'ответы');1
('множественного', 'выбора');1
('отдельные', 'предложения');1
('ответ', 'выбрать');1
('правильный', 'ответ');1
('получить', 'правильный');1
('пробелу', 'получить');1
('кликнув', 'пробелу');1
('слов', 'кликнув');1
('пропущенное', 'слов');1
('прослушать', 'пропущенное');1
('впечатанного', 'пробел');1
('словаря', 'впечатанного');1
('определения', 'словаря');1
('виде', 'определения');1
('подсказку', 'виде');1
('получить', 'подсказку');1
('контекстом', 'получить');1
('пользуясь', 'контекстом');1
('памяти', 'пользуясь');1
('заполнить', 'памяти');1
('можно', 'заполнить');1
('слов', 'которые');1
('нескольких', 'слов');1
('пропусками', 'нескольких');1
('заданий', 'пропусками');1
('х', 'заданий');1
('состоит', 'х');1
('урока', 'состоит');1
('интерактивный', 'план');1
('имеется', 'интерактивный');1
('урока', 'имеется');1
('выбрать', 'отдельные');1
('предложения', 'последующей');1
('формате', 'множественного');1
('последующей', 'практики');1
('видеосюжета', 'формате');1
('понимание', 'видеосюжета');1
('вопроса', 'понимание');1
('содержит', 'вопроса');1
('задание', 'содержит');1
('деактивирована', 'задание');1
('умолчанию', 'деактивирована');1
('которая', 'умолчанию');1
('функции', 'которая');1
('активации', 'функции');1
('ответов', 'активации');1
('возможных', 'ответов');1
('качестве', 'возможных');1
('приводятся', 'качестве');1
('видеосюжета', 'приводятся');1
('предложения', 'видеосюжета');1
('являются', 'предложения');1
('предпочтительными', 'являются');1
('задании', 'предпочтительными');1
('тренировались', 'задании');1
('которые', 'тренировались');1
('словами', 'которые');1
('предложения', 'словами');1
('собственные', 'предложения');1
('составить', 'собственные');1
('должны', 'составить');1
('учащиеся', 'должны');1
('задании', 'учащиеся');1
('практики', 'задании');1
('пробел', 'прослушать');1
('одним', 'примером');1
('указанным', 'уровнем');1
('основным', 'фокусом');1
('работу', 'парах');1
('парах', 'малых');1
('малых', 'группах');1
('группах', 'введение');1
('материала', 'преподавателем');1
('преподавателем', 'основным');1
('фокусом', 'является');1
('видео', 'указанным');1
('запаса', 'задания');1
('задания', 'могут');1
('могут', 'включать');1
('включать', 'освоение');1
('освоение', 'новых');1
('новых', 'лексико');1
('работу', 'работу');1
('индивидуальную', 'работу');1
('работы', 'индивидуальную');1
('формат', 'работы');1
('разный', 'формат');1
('предполагающих', 'разный');1
('продвинутых', 'предполагающих');1
('начинающих', 'продвинутых');1
('языком', 'начинающих');1
('немецким', 'языком');1
('владения', 'немецким');1
('уровнем', 'владения');1
('разным', 'уровнем');1
('учащихся', 'разным');1
('языка', 'учащихся');1
('немецкого', 'языка');1
('корпусу', 'немецкого');1
('лексико', 'грамматических');1
('грамматических', 'характеристик');1
('характеристик', 'слов');1
('разным', 'инструментам');1
('примером', 'создания');1
('блестящим', 'примером');1
('другим', 'блестящим');1
('др', 'другим');1
('слов', 'др');1
('облако', 'слов');1
('коллокаций', 'облако');1
('визуализация', 'коллокаций');1
('ось', 'визуализация');1
('временная', 'ось');1
('поиск', 'временная');1
('базовый', 'поиск');1
('корпуса', 'базовый');1
('инструментам', 'корпуса');1
('соответствуют', 'разным');1
('слов', 'помощью');1
('статье', 'соответствуют');1
('приведенные', 'статье');1
('заданий', 'приведенные');1
('корпуса', 'примеры');1
('примерами', 'корпуса');1
('учебниках', 'примерами');1
('словосочетаний', 'учебниках');1
('слов', 'словосочетаний');1
('употребления', 'слов');1
('примеров', 'употребления');1
('верификация', 'примеров');1
('корпуса', 'верификация');1
('примеров', 'корпуса');1
('помощью', 'примеров');1
('обращений', 'корпусу');1
('заданий', 'обращений');1
('описывает', 'примеры');1
('пользователя', 'внушительного');1
('инструментам', 'режима');1
('дополнительным', 'инструментам');1
('корпуса', 'дополнительным');1
('инструкциями', 'созданию');1
('дополнительными', 'инструкциями');1
('стр', 'дополнительными');1
('соса', 'стр');1
('инструкция', 'соса');1
('стр', 'инструкция');1
('содержит', 'стр');1
('никря', 'содержит');1
('инструкция', 'никря');1
('объема', 'инструкция');1
('внушительного', 'объема');1
('инструкциями', 'пользователя');1
('просмотра', 'т');1
('снабжены', 'инструкциями');1
('т', 'снабжены');1
('неактуальна', 'т');1
('проблема', 'неактуальна');1
('соса', 'проблема');1
('нкря', 'соса');1
('таких', 'нкря');1
('корпусов', 'таких');1
('больших', 'онлайн');1
('показаться', 'больших');1
('взгляд', 'показаться');1
('корпусам', 'взгляд');1
('конкретным', 'корпусам');1
('корпусом', 'конкретным');1
('режима', 'просмотра');1
('д', 'н');1
('статьях', 'описывает');1
('принципах', 'подразумевающих');1
('своих', 'статьях');1
('самостоятельно', 'своих');1
('выполняемым', 'самостоятельно');1
('заданиям', 'выполняемым');1
('преподавателя', 'заданиям');1
('стороны', 'преподавателя');1
('поддержки', 'стороны');1
('большей', 'поддержки');1
('сложному', 'большей');1
('простого', 'сложному');1
('вовлечение', 'простого');1
('сопровождение', 'вовлечение');1
('материала', 'сопровождение');1
('подразумевающих', 'введение');1
('педагогических', 'принципах');1
('вяткина', 'указывает');1
('базироваться', 'педагогических');1
('должны', 'базироваться');1
('преподавателей', 'должны');1
('инструкции', 'преподавателей');1
('мнению', 'инструкции');1
('корпусов', 'мнению');1
('уроков', 'использованием');1
('учителю', 'планов');1
('знакомых', 'учителю');1
('далеки', 'знакомых');1
('пользователя', 'далеки');1
('руководства', 'пользователя');1
('эти', 'руководства');1
('указывает', 'эти');1
('создания', 'оор');1
('оор', 'преподавания');1
('ия', 'основе');1
('строк', 'трансформация');1
('паролю', 'доступен');1
('числа', 'паролю');1
('ед', 'числа');1
('лица', 'ед');1
('функции', 'лица');1
('случае', 'функции');1
('явления', 'данном');1
('грамматического', 'явления');1
('изучаемого', 'грамматического');1
('использованием', 'изучаемого');1
('обязательным', 'использованием');1
('предлагаемых', 'обязательным');1
('обсуждение', 'предлагаемых');1
('трансформация', 'обсуждение');1
('конкордансных', 'строк');1
('файл', 'ответами');1
('анализ', 'конкордансных');1
('правило', 'анализ');1
('иллюстрирующего', 'правило');1
('абзаца', 'иллюстрирующего');1
('чтение', 'абзаца');1
('задания', 'чтение');1
('упражнения', 'задания');1
('раздаточные', 'упражнения');1
('включают', 'раздаточные');1
('теме', 'включают');1
('каждой', 'теме');1
('материалы', 'каждой');1
('лице', 'учебные');1
('числа', 'лице');1
('доступен', 'файл');1
('ответами', 'комментариями');1
('способы', 'выражения');1
('строк', 'аудиозаписей');1
('отдельных', 'видео');1
('тысячи', 'отдельных');1
('содержит', 'тысячи');1
('контент', 'содержит');1
('видео', 'контент');1
('новых', 'видео');1
('добавляется', 'новых');1
('неделю', 'добавляется');1
('каждую', 'неделю');1
('говорения', 'каждую');1
('аудирования', 'говорения');1
('навыков', 'аудирования');1
('развития', 'навыков');1
('аудиозаписей', 'развития');1
('млн', 'строк');1
('комментариями', 'преподавателя');1
('видео', 'млн');1
('содержит', 'видео');1
('технологий', 'содержит');1
('корпусных', 'технологий');1
('использованием', 'корпусных');1
('создан', 'использованием');1
('ресурс', 'создан');1
('мультимедийный', 'ресурс');1
('является', 'мультимедийный');1
('корпусу', 'является');1
('уроков', 'корпусу');1
('примером', 'привязки');1
('мин', 'категориям');1
('преподавателя', 'одним');1
('выражения', 'множественного');1
('числа', 'способы');1
('основе', 'конкретного');1
('х', 'представляющих');1
('итоговый', 'экзамен');1
('сдать', 'итоговый');1
('готовящихся', 'сдать');1
('языка', 'готовящихся');1
('носителей', 'английского');1
('разработаны', 'носителей');1
('уроки', 'разработаны');1
('языка', 'уроки');1
('варианта', 'английского');1
('британского', 'варианта');1
('носителей', 'британского');1
('беседы', 'носителей');1
('неформальные', 'беседы');1
('представляющих', 'неформальные');1
('речи', 'х');1
('курсу', 'средней');1
('устной', 'речи');1
('выборкам', 'устной');1
('большим', 'выборкам');1
('привязаны', 'большим');1
('материалы', 'привязаны');1
('габласовой', 'учебные');1
('д', 'габласовой');1
('руководством', 'д');1
('университете', 'руководством');1
('создаваемый', 'ланкастерском');1
('проект', 'создаваемый');1
('является', 'проект');1
('корпуса', 'является');1
('конкретного', 'корпуса');1
('экзамен', 'курсу');1
('школы', 'изучающих');1
('лица', 'множественного');1
('рамках', 'которых');1
('местоимения', 'лица');1
('функции', 'местоимения');1
('изменение', 'функции');1
('например', 'изменение');1
('грамматики', 'например');1
('английской', 'грамматики');1
('учебниках', 'английской');1
('отраженные', 'учебниках');1
('языка', 'отраженные');1
('современного', 'английского');1
('явления', 'современного');1
('реальные', 'явления');1
('изучаются', 'реальные');1
('которых', 'изучаются');1
('рубрикам', 'рамках');1
('иностранный', 'выборки');1
('уроки', 'рубрикам');1
('разработаны', 'уроки');1
('иностранный', 'разработаны');1
('категориям', 'изучающих');1
('рубрикам', 'категориям');1
('следующим', 'рубрикам');1
('представлены', 'следующим');1
('задания', 'представлены');1
('школ', 'задания');1
('английских', 'школ');1
('выпускников', 'английских');1
('платформе', 'выпускников');1
('представлены', 'платформе');1
('выборки', 'представлены');1
('уроков', 'продолжительностью');1
('запаса', 'использование');1
('категориям', 'обучение');1
('канзасского', 'университета');1
('нкря', 'двух');1
('слова', 'нкря');1
('разделе', 'верные');1
('сайте', 'разделе');1
('видеофрагменту', 'сайте');1
('каждому', 'видеофрагменту');1
('уроков', 'каждому');1
('планах', 'мини');1
('сайте', 'планах');1
('компоненту', 'сайте');1
('устному', 'компоненту');1
('габласовой', 'устному');1
('материалах', 'габласовой');1
('университета', 'материалах');1
('центра', 'канзасского');1
('других', 'случаях');1
('ресурсного', 'центра');1
('языкового', 'ресурсного');1
('проекта', 'языкового');1
('сайте', 'проекта');1
('вяткиной', 'сайте');1
('материалах', 'вяткиной');1
('ресурсах', 'материалах');1
('рассмотренных', 'ресурсах');1
('х', 'рассмотренных');1
('реализована', 'х');1
('корпусу', 'реализована');1
('определенному', 'корпусу');1
('привязке', 'определенному');1
('материалов', 'привязке');1
('двух', 'других');1
('случаях', 'оор');1
('вяткиной', 'разработке');1
('категорией', 'обучающихся');1
('план', 'полноценного');1
('заданиями', 'план');1
('урока', 'заданиями');1
('мини', 'урока');1
('план', 'мини');1
('страничный', 'план');1
('х', 'страничный');1
('целесообразнее', 'х');1
('методически', 'целесообразнее');1
('эффективнее', 'методически');1
('том', 'эффективнее');1
('вопрос', 'том');1
('исследования', 'вопрос');1
('обучающихся', 'требует');1
('определенной', 'категорией');1
('оор', 'созданных');1
('задачи', 'определенной');1
('педагогической', 'задачи');1
('определенной', 'педагогической');1
('решения', 'определенной');1
('корпусов', 'решения');1
('разных', 'корпусов');1
('базе', 'разных');1
('созданные', 'базе');1
('материалы', 'созданные');1
('содержатся', 'учебные');1
('ма', 'содержатся');1
('фолл', 'ма');1
('руководством', 'фолл');1
('созданных', 'руководством');1
('разработке', 'учебных');1
('идея', 'н');1
('урока', 'продолжительностью');1
('преподавателей', 'иностранных');1
('характеристиками', 'оор');1
('базовыми', 'характеристиками');1
('обладают', 'базовыми');1
('е', 'обладают');1
('т', 'е');1
('слова', 'т');1
('этого', 'слова');1
('смысле', 'этого');1
('строгом', 'смысле');1
('ресурсами', 'строгом');1
('являются', 'открытыми');1
('ресурсы', 'являются');1
('корпуса', 'ресурсы');1
('языков', 'доступные');1
('практику', 'преподавателей');1
('описанными', 'литературе');1
('повседневную', 'педагогическую');1
('лингводидактики', 'повседневную');1
('методов', 'корпусной');1
('внедрению', 'методов');1
('широкому', 'внедрению');1
('помочь', 'широкому');1
('юнеско', 'помочь');1
('поддерживаемый', 'оон');1
('всемерно', 'поддерживаемый');1
('информацию', 'всемерно');1
('тренд', 'открытое');1
('показал', 'тренд');1
('анализ', 'показал');1
('выводы', 'проведенный');1
('оор', 'описанными');1
('литературе', 'свободный');1
('привлекательная', 'идея');1
('материалы', 'основе');1
('исследования', 'привлекательная');1
('предложений', 'требует');1
('высказанных', 'предложений');1
('идей', 'высказанных');1
('вопросов', 'идей');1
('ряд', 'вопросов');1
('показал', 'ряд');1
('оор', 'показал');1
('уроков', 'созданных');1
('материалов', 'планов');1
('анализ', 'учебных');1
('данных', 'анализ');1
('корпусных', 'данных');1
('основе', 'корпусных');1
('разрабатывать', 'учебные');1
('свободный', 'доступ');1
('практике', 'разрабатывать');1
('своей', 'практике');1
('лингвистики', 'своей');1
('подходы', 'корпусной');1
('использовать', 'подходы');1
('понять', 'можно');1
('уровень', 'понять');1
('профессиональный', 'уровень');1
('повысить', 'профессиональный');1
('желающих', 'повысить');1
('инструментами', 'самообразования');1
('ценными', 'инструментами');1
('делает', 'ценными');1
('ним', 'делает');1
('полноценного', 'урока');1
('минут', 'ма');1
('информативным', 'блогом');1
('самых', 'разных');1
('использовать', 'собственной');1
('начнут', 'использовать');1
('лингвистики', 'начнут');1
('подходами', 'корпусной');1
('знакомые', 'подходами');1
('преподаватели', 'знакомые');1
('того', 'преподаватели');1
('вероятность', 'того');1
('увеличивая', 'вероятность');1
('гибкость', 'увеличивая');1
('необходимую', 'гибкость');1
('самым', 'необходимую');1
('обеспечивая', 'самым');1
('разных', 'обеспечивая');1
('прохождении', 'самых');1
('практике', 'наконец');1
('пятиминуток', 'прохождении');1
('корпусных', 'пятиминуток');1
('виде', 'корпусных');1
('интегрированы', 'виде');1
('могут', 'интегрированы');1
('легко', 'могут');1
('уроки', 'легко');1
('мини', 'уроки');1
('эти', 'мини');1
('создателями', 'эти');1
('реализованной', 'создателями');1
('модели', 'реализованной');1
('учебнику', 'модели');1
('конкретному', 'учебнику');1
('собственной', 'практике');1
('наконец', 'совершенно');1
('качестве', 'дополнения');1
('заслуживает', 'всяческого');1
('внимание', 'проектной');1
('первостепенное', 'внимание');1
('уделяют', 'первостепенное');1
('стандарты', 'уделяют');1
('российские', 'стандарты');1
('условиях', 'российские');1
('особенно', 'условиях');1
('заведениях', 'особенно');1
('учебных', 'заведениях');1
('разных', 'учебных');1
('внедрения', 'разных');1
('поддержки', 'внедрения');1
('внимания', 'поддержки');1
('всяческого', 'внимания');1
('деятельности', 'заслуживает');1
('совершенно', 'очевидно');1
('рамках', 'проектной');1
('разработке', 'рамках');1
('педагогов', 'разработке');1
('будущих', 'педагогов');1
('студентов', 'будущих');1
('вовлечения', 'студентов');1
('идея', 'вовлечения');1
('процесс', 'идея');1
('трудоемкий', 'процесс');1
('корпусов', 'трудоемкий');1
('оор', 'использованием');1
('качественных', 'оор');1
('создание', 'качественных');1
('очевидно', 'создание');1
('дополнения', 'конкретному');1
('уроков', 'качестве');1
('ма', 'объемом');1
('анализируют', 'используемые');1
('возможностей', 'исследовательской');1
('образцов', 'возможностей');1
('речевых', 'образцов');1
('разговорных', 'речевых');1
('аутентичных', 'разговорных');1
('примеров', 'аутентичных');1
('отсутствие', 'примеров');1
('например', 'отсутствие');1
('критикуют', 'например');1
('доказательно', 'критикуют');1
('учебники', 'доказательно');1
('основные', 'учебники');1
('ими', 'основные');1
('используемые', 'ими');1
('авторы', 'анализируют');1
('самостоятельной', 'работы');1
('лингвистики', 'авторы');1
('основе', 'подходов');1
('заданий', 'основе');1
('разработки', 'заданий');1
('источник', 'разработки');1
('ресурс', 'источник');1
('учебник', 'ресурс');1
('основной', 'учебник');1
('недооценивается', 'основной');1
('оор', 'недооценивается');1
('думается', 'созданных');1
('страниц', 'думается');1
('десятки', 'страниц');1
('объемом', 'десятки');1
('исследовательской', 'самостоятельной');1
('работы', 'обучающихся');1
('планов', 'мини');1
('учебнике', 'думается');1
('ряду', 'планов');1
('привести', 'ряду');1
('эффективной', 'привести');1
('весьма', 'эффективной');1
('учебника', 'весьма');1
('определенного', 'учебника');1
('основе', 'определенного');1
('темы', 'основе');1
('конкретной', 'темы');1
('изучения', 'конкретной');1
('лингвистики', 'изучения');1
('заданий', 'использованием');1
('разработка', 'заданий');1
('думается', 'разработка');1
('изучаются', 'учебнике');1
('обучающихся', 'далее');1
('раскрываются', 'изучаются');1
('темы', 'раскрываются');1
('эти', 'темы');1
('заданий', 'эти');1
('каких', 'заданий');1
('виде', 'каких');1
('каком', 'виде');1
('явно', 'каком');1
('мере', 'явно');1
('крайней', 'мере');1
('указания', 'крайней');1
('заданиями', 'указания');1
('дополняют', 'заданиями');1
('далее', 'дополняют');1
('блогом', 'выводы');1
('студентов', 'информативным');1
('обучение', 'лексике');1
('представляли', 'четкие');1
('решали', 'ходу');1
('проблему', 'решали');1
('эту', 'проблему');1
('классе', 'эту');1
('корпусов', 'классе');1
('уроков', 'использованию');1
('планы', 'уроков');1
('обоснованные', 'планы');1
('методически', 'обоснованные');1
('корпусах', 'методически');1
('разных', 'корпусах');1
('поиску', 'разных');1
('инструкции', 'поиску');1
('четкие', 'инструкции');1
('материалы', 'представляли');1
('своей', 'работы');1
('разработанные', 'материалы');1
('ошибки', 'разработанные');1
('типичной', 'ошибки');1
('избежать', 'типичной');1
('удалось', 'избежать');1
('студентам', 'удалось');1
('начале', 'студентам');1
('важно', 'начале');1
('семестров', 'важно');1
('х', 'семестров');1
('течение', 'х');1
('создавался', 'течение');1
('ресурс', 'создавался');1
('оор', 'ресурс');1
('ходу', 'своей');1
('работы', 'материалы');1
('своем', 'сайте');1
('английского', 'специальных');1
('корпусе', 'составления');1
('конкретном', 'корпусе');1
('материалов', 'конкретном');1
('поиска', 'материалов');1
('инструкцию', 'поиска');1
('подробную', 'инструкцию');1
('содержит', 'подробную');1
('глава', 'содержит');1
('каждая', 'глава');1
('языка', 'каждая');1
('ориентированного', 'языка');1
('профессионально', 'ориентированного');1
('целей', 'профессионально');1
('специальных', 'целей');1
('й', 'английского');1
('материалы', 'разработаны');1
('материалов', 'й');1
('разработанных', 'материалов');1
('использования', 'разработанных');1
('й', 'использования');1
('классов', 'средней');1
('старших', 'классов');1
('й', 'старших');1
('начальной', 'средней');1
('части', 'начальной');1
('й', 'части');1
('учащихся', 'й');1
('категории', 'учащихся');1
('конкретной', 'категории');1
('разработаны', 'конкретной');1
('сайте', 'оор');1
('разместила', 'своем');1
('конкретного', 'задания');1
('младшие', 'школьники');1
('близких', 'синонимов');1
('использование', 'близких');1
('заданий', 'работе');1
('формате', 'является');1
('навыков', 'формате');1
('развитию', 'письменных');1
('урока', 'развитию');1
('целью', 'урока');1
('например', 'целью');1
('вузов', 'например');1
('классов', 'вузов');1
('средних', 'классов');1
('учащиеся', 'средних');1
('школьники', 'учащиеся');1
('обучающихся', 'младшие');1
('уменьшить', 'употребление');1
('категорию', 'обучающихся');1
('указывающие', 'категорию');1
('подкатегории', 'указывающие');1
('есть', 'подкатегории');1
('категории', 'есть');1
('каждой', 'категории');1
('корпуса', 'каждой');1
('китайского', 'корпуса');1
('англо', 'китайского');1
('параллельного', 'англо');1
('основе', 'параллельного');1
('произношению', 'задания');1
('грамматике', 'произношению');1
('лексике', 'грамматике');1
('синонимов', 'уменьшить');1
('употребление', 'избыточно');1
('темам', 'разместила');1
('своими', 'студентами');1
('изучаемым', 'темам');1
('разным', 'изучаемым');1
('корпусов', 'разным');1
('открытых', 'онлайн');1
('материалов', 'открытых');1
('основе', 'материалов');1
('материалы', 'задания');1
('разработала', 'учебные');1
('языка', 'разработала');1
('иностранного', 'языка');1
('преподавателями', 'иностранного');1
('будущими', 'преподавателями');1
('магистрантами', 'будущими');1
('студентами', 'магистрантами');1
('вместе', 'своими');1
('избыточно', 'используемой');1
('фол', 'вместе');1
('элен', 'фол');1
('страницы', 'элен');1
('занимает', 'страницы');1
('урока', 'занимает');1
('дэвиса', 'план');1
('корпусов', 'дэвиса');1
('англоязычных', 'корпусов');1
('коллекции', 'англоязычных');1
('использованием', 'корпуса');1
('слова', 'использованием');1
('случае', 'слова');1
('лексики', 'данном');1
('используемой', 'лексики');1
('составления', 'конкретного');1
('задания', 'план');1
('школьников', 'студентов');1
('лексем', 'русского');1
('представления', 'ближе');1
('формат', 'представления');1
('гг', 'формат');1
('даниель', 'гг');1
('добрушиной', 'даниель');1
('р', 'добрушиной');1
('н', 'р');1
('руководством', 'н');1
('вшэ', 'руководством');1
('студентами', 'вшэ');1
('выполненный', 'студентами');1
('вв', 'выполненный');1
('протяжении', 'вв');1
('языка', 'протяжении');1
('употреблении', 'лексем');1
('формату', 'презентаций');1
('значении', 'употреблении');1
('изменений', 'значении');1
('описание', 'изменений');1
('изучение', 'описание');1
('направленного', 'изучение');1
('смыслы', 'направленного');1
('своевольные', 'смыслы');1
('проекта', 'своевольные');1
('результаты', 'проекта');1
('нкри', 'результаты');1
('разделе', 'сайта');1
('размещенные', 'разделе');1
('является', 'размещенные');1
('проекта', 'является');1
('ближе', 'формату');1
('презентаций', 'научных');1
('аналогом', 'этого');1
('работать', 'нкря');1
('старших', 'школьников');1
('игр', 'старших');1
('серией', 'игр');1
('подростков', 'серией');1
('летних', 'подростков');1
('задач', 'летних');1
('олимпиадных', 'задач');1
('серьезных', 'олимпиадных');1
('школьников', 'серьезных');1
('младших', 'школьников');1
('игровых', 'младших');1
('заданиями', 'игровых');1
('разнообразными', 'заданиями');1
('нкря', 'разнообразными');1
('курсом', 'работать');1
('научных', 'докладов');1
('бесплатным', 'курсом');1
('детей', 'бесплатным');1
('нкря', 'детей');1
('инструкция', 'нкря');1
('корпусу', 'инструкция');1
('путеводителем', 'корпусу');1
('слова', 'путеводителем');1
('раздел', 'верные');1
('детский', 'раздел');1
('содержит', 'детский');1
('урока', 'нкря');1
('плану', 'урока');1
('конференции', 'плану');1
('докладов', 'конференции');1
('этого', 'проекта');1
('некоторым', 'аналогом');1
('урока', 'идеи');1
('сталкиваются', 'задержкой');1
('событий', 'учащихся');1
('повороту', 'событий');1
('такому', 'повороту');1
('неподготовленных', 'такому');1
('корпусом', 'неподготовленных');1
('работы', 'корпусом');1
('последующей', 'работы');1
('демотивирующим', 'последующей');1
('факт', 'демотивирующим');1
('свидетельства', 'факт');1
('есть', 'свидетельства');1
('запроса', 'есть');1
('выполнении', 'запроса');1
('задержкой', 'выполнении');1
('часто', 'сталкиваются');1
('сталкивались', 'этим');1
('соса', 'часто');1
('платформы', 'соса');1
('пользователи', 'платформы');1
('подписки', 'пользователи');1
('имеющие', 'подписки');1
('зарегистрированные', 'имеющие');1
('например', 'зарегистрированные');1
('ограничения', 'например');1
('трудности', 'ограничения');1
('выявленные', 'трудности');1
('применения', 'выявленные');1
('развития', 'применения');1
('последующего', 'развития');1
('идеи', 'последующего');1
('учащихся', 'сталкивались');1
('этим', 'эффектом');1
('ия', 'некоторым');1
('список', 'которых');1
('практике', 'преподавателей');1
('педагогической', 'практике');1
('повседневной', 'педагогической');1
('кл', 'повседневной');1
('применению', 'подходов');1
('широкому', 'применению');1
('способствовать', 'широкому');1
('должно', 'способствовать');1
('разработчиков', 'должно');1
('мнению', 'разработчиков');1
('пособия', 'мнению');1
('приложении', 'пособия');1
('приведен', 'приложении');1
('которых', 'приведен');1
('инструментов', 'список');1
('эффектом', 'своей');1
('корпусных', 'инструментов');1
('корпусов', 'корпусных');1
('основе', 'доступных');1
('созданы', 'основе');1
('материалы', 'созданы');1
('ожидания', 'материалы');1
('время', 'ожидания');1
('заложенное', 'время');1
('сократив', 'заложенное');1
('обойти', 'сократив');1
('способ', 'обойти');1
('предложили', 'способ');1
('стороны', 'предложили');1
('своей', 'стороны');1
('работе', 'корпусом');1
('добровольского', 'постнауке');1
('уроков', 'заданий');1
('представительный', 'список');1
('регистрация', 'доступен');1
('требуется', 'регистрация');1
('поиска', 'требуется');1
('онлайн', 'поиска');1
('доступен', 'онлайн');1
('обращения', 'доступен');1
('режима', 'обращения');1
('указанием', 'режима');1
('нкри', 'указанием');1
('корпуса', 'сайта');1
('разделе', 'корпуса');1
('доступен', 'разделе');1
('корпусов', 'доступен');1
('список', 'онлайн');1
('нкря', 'представительный');1
('описаны', 'точки');1
('корпуса', 'нкря');1
('национальные', 'корпуса');1
('очередь', 'национальные');1
('первую', 'очередь');1
('корпусов', 'первую');1
('больших', 'корпусов');1
('количество', 'больших');1
('большое', 'количество');1
('достаточно', 'большое');1
('находится', 'достаточно');1
('доступе', 'находится');1
('общественности', 'свободном');1
('педагогической', 'общественности');1
('научной', 'педагогической');1
('доступен', 'скачивания');1
('скачивания', 'проблемой');1
('является', 'отсутствие');1
('отсутствие', 'доступного');1
('публикации', 'каталогизированы');1
('эти', 'публикации');1
('затруднен', 'эти');1
('школы', 'затруднен');1
('учителях', 'средней');1
('уже', 'учителях');1
('говоря', 'уже');1
('вуза', 'говоря');1
('преподавателю', 'вуза');1
('обычному', 'преподавателю');1
('ним', 'обычному');1
('конференций', 'доступ');1
('материалах', 'конференций');1
('статьях', 'материалах');1
('научных', 'статьях');1
('опубликованы', 'научных');1
('ия', 'опубликованы');1
('корпусов', 'обучении');1
('использования', 'корпусов');1
('примеры', 'использования');1
('многочисленные', 'примеры');1
('темы', 'многочисленные');1
('изучении', 'темы');1
('мог', 'использовать');1
('преподаватель', 'мог');1
('которые', 'преподаватель');1
('упражнений', 'которые');1
('банка', 'упражнений');1
('доступного', 'банка');1
('недоступных', 'научной');1
('исследования', 'недоступных');1
('целей', 'исследования');1
('парадигмы', 'оор');1
('списку', 'причин');1
('привела', 'списку');1
('проанализировать', 'привела');1
('попытка', 'проанализировать');1
('наша', 'попытка');1
('ситуации', 'наша');1
('сложившейся', 'ситуации');1
('причины', 'сложившейся');1
('разные', 'причины');1
('называют', 'разные');1
('исследователи', 'называют');1
('разные', 'исследователи');1
('ия', 'разные');1
('методикой', 'преподавания');1
('кл', 'методикой');1
('области', 'кл');1
('исследованиями', 'области');1
('разрыва', 'исследованиями');1
('преодоления', 'разрыва');1
('необходимость', 'преодоления');1
('внимание', 'необходимость');1
('обратила', 'внимание');1
('г', 'обратила');1
('статье', 'г');1
('чамбес', 'статье');1
('произошло', 'чамбес');1
('пор', 'произошло');1
('сих', 'пор');1
('этого', 'сих');1
('причин', 'контексте');1
('оор', 'остановимся');1
('специально', 'целей');1
('остановимся', 'трех');1
('составленных', 'специально');1
('корпусах', 'составленных');1
('выполнены', 'корпусах');1
('исследования', 'выполнены');1
('является', 'исследования');1
('статьях', 'является');1
('подходов', 'описанных');1
('распространению', 'подходов');1
('широкому', 'распространению');1
('препятствий', 'широкому');1
('одним', 'препятствий');1
('процессе', 'одним');1
('учебном', 'процессе');1
('использования', 'учебном');1
('непосредственного', 'использования');1
('корпусов', 'непосредственного');1
('базе', 'находящихся');1
('созданных', 'базе');1
('заданий', 'созданных');1
('общедоступных', 'заданий');1
('отсутствие', 'общедоступных');1
('лингводидактике', 'отсутствие');1
('корпусной', 'лингводидактике');1
('ия', 'корпусной');1
('статьях', 'недостаточная');1
('корпусов', 'описанных');1
('недоступность', 'корпусов');1
('проблемах', 'недоступность');1
('трех', 'проблемах');1
('каталогизированы', 'описаны');1
('точки', 'зрения');1
('корпусов', 'подходов');1
('оценить', 'влияние');1
('филологических', 'специальностей');1
('студенты', 'филологических');1
('фгос', 'студенты');1
('требованиями', 'фгос');1
('соответствии', 'требованиями');1
('этапе', 'соответствии');1
('современном', 'этапе');1
('выводу', 'современном');1
('пришли', 'выводу');1
('россии', 'пришли');1
('образования', 'россии');1
('систему', 'высшего');1
('лингвистики', 'систему');1
('влияние', 'корпусной');1
('целью', 'оценить');1
('зрения', 'имеющихся');1
('имевшем', 'целью');1
('исследовании', 'имевшем');1
('нашем', 'исследовании');1
('существует', 'нашем');1
('кажется', 'существует');1
('решения', 'кажется');1
('путей', 'решения');1
('простых', 'путей');1
('серьезна', 'простых');1
('проблема', 'серьезна');1
('лингводидактики', 'проблема');1
('лингвистики', 'корпусной');1
('ия', 'области');1
('является', 'недостаточная');1
('специальностей', 'получают');1
('получают', 'базовые');1
('базовые', 'знания');1
('знания', 'корпусной');1
('специального', 'курса');1
('односеместрового', 'специального');1
('элективного', 'односеместрового');1
('считает', 'элективного');1
('шиманска', 'считает');1
('обучения', 'ленко');1
('окончания', 'обучения');1
('деятельности', 'окончания');1
('практической', 'деятельности');1
('знания', 'практической');1
('эти', 'знания');1
('использовать', 'эти');1
('регулярно', 'использовать');1
('готовы', 'регулярно');1
('насколько', 'готовы');1
('вопрос', 'насколько');1
('остается', 'вопрос');1
('открытым', 'остается');1
('ранга', 'открытым');1
('разного', 'ранга');1
('данных', 'разного');1
('базах', 'данных');1
('наукометрических', 'базах');1
('зарегистрированные', 'наукометрических');1
('ия', 'зарегистрированные');1
('теме', 'использования');1
('публикации', 'теме');1
('имеют', 'публикации');1
('лингвистике', 'имеют');1
('корпусу', 'проблемой');1
('конкретному', 'корпусу');1
('привязанных', 'конкретному');1
('сайта', 'соса');1
('е', 'шоу');1
('диссертация', 'е');1
('магистерская', 'диссертация');1
('адрес', 'магистерская');1
('меняют', 'адрес');1
('доступе', 'меняют');1
('например', 'находящиеся');1
('ресурсам', 'например');1
('открытым', 'ресурсам');1
('относятся', 'открытым');1
('правило', 'относятся');1
('заданиями', 'правило');1
('поисковыми', 'заданиями');1
('пособия', 'поисковыми');1
('немногочисленные', 'пособия');1
('изданные', 'немногочисленные');1
('языка', 'изданные');1
('материале', 'национального');1
('публикации', 'материале');1
('недавние', 'публикации');1
('сослаться', 'недавние');1
('можно', 'сослаться');1
('примера', 'можно');1
('качестве', 'примера');1
('определенного', 'качестве');1
('заданий', 'определенного');1
('корпусных', 'заданий');1
('них', 'корпусных');1
('имеющихся', 'них');1
('шоу', 'сайта');1
('соса', 'находилась');1
('упражнений', 'привязанных');1
('находилась', 'вплоть');1
('системы', 'упражнений');1
('заданий', 'системы');1
('разработанных', 'заданий');1
('ия', 'разработанных');1
('использованию', 'обучения');1
('инструкций', 'использованию');1
('содержат', 'инструкций');1
('языков', 'содержат');1
('других', 'языков');1
('языка', 'других');1
('корпуса', 'английского');1
('вяткиной', 'доступные');1
('мнению', 'н');1
('упражнениями', 'мнению');1
('источниками', 'упражнениями');1
('разными', 'источниками');1
('корпусом', 'разными');1
('метаться', 'корпусом');1
('вынужден', 'метаться');1
('теме', 'вынужден');1
('преподаватель', 'теме');1
('янга', 'преподаватель');1
('бригама', 'янга');1
('университета', 'бригама');1
('архив', 'университета');1
('переместилась', 'архив');1
('г', 'переместилась');1
('весны', 'г');1
('вплоть', 'весны');1
('корпусов', 'этого');1
('широкому', 'использованию');1
('ия', 'широкому');1
('ссылке', 'имя');1
('развитию', 'продвижению');1
('например', 'рекомендациях');1
('юнеско', 'например');1
('документах', 'оон');1
('многочисленных', 'документах');1
('развитие', 'многочисленных');1
('получила', 'развитие');1
('инициатива', 'получила');1
('годы', 'будапештская');1
('последующие', 'годы');1
('цитировании', 'последующие');1
('использовании', 'цитировании');1
('автора', 'использовании');1
('имя', 'автора');1
('обязательной', 'ссылке');1
('методах', 'обучения');1
('работы', 'обязательной');1
('целостности', 'работы');1
('соблюдении', 'целостности');1
('преград', 'соблюдении');1
('технических', 'преград');1
('правовых', 'технических');1
('финансовых', 'правовых');1
('отсутствии', 'финансовых');1
('целей', 'отсутствии');1
('законных', 'целей');1
('других', 'законных');1
('использовать', 'других');1
('обеспечение', 'использовать');1
('программное', 'обеспечение');1
('продвижению', 'открытого');1
('открытого', 'доступа');1
('доступа', 'рекомендациях');1
('рекомендациях', 'открытой');1
('ресурсы', 'обладают');1
('образовательные', 'ресурсы');1
('открытые', 'образовательные');1
('доступе', 'открытые');1
('находящемся', 'открытом');1
('томе', 'находящемся');1
('собраны', 'томе');1
('языков', 'собраны');1
('преподавание', 'иностранных');1
('изучение', 'преподавание');1
('образования', 'изучение');1
('открытого', 'образования');1
('влияния', 'открытого');1
('касающиеся', 'влияния');1
('исследования', 'касающиеся');1
('д', 'исследования');1
('оор', 'т');1
('использования', 'оор');1
('практик', 'использования');1
('развитию', 'практик');1
('ресурсах', 'рекомендациях');1
('образовательных', 'ресурсах');1
('образования', 'открытых');1
('сфере', 'высшего');1
('оор', 'сфере');1
('ресурсами', 'оор');1
('работе', 'открытыми');1
('науке', 'работе');1
('открытой', 'науке');1
('данные', 'программное');1
('вводить', 'данные');1
('указателей', 'вводить');1
('хх', 'веке');1
('прошлого', 'века');1
('годы', 'прошлого');1
('е', 'годы');1
('гутенберг', 'е');1
('проекта', 'гутенберг');1
('основатель', 'проекта');1
('книг', 'основатель');1
('электронных', 'книг');1
('изобретатель', 'электронных');1
('харт', 'изобретатель');1
('стерн', 'харт');1
('майкл', 'стерн');1
('считается', 'майкл');1
('движения', 'считается');1
('этого', 'движения');1
('инициатором', 'этого');1
('информацию', 'инициатором');1
('тренда', 'открытое');1
('важного', 'тренда');1
('появлению', 'важного');1
('привело', 'появлению');1
('общества', 'привело');1
('информационного', 'общества');1
('интернета', 'информационного');1
('развитие', 'интернета');1
('введение', 'развитие');1
('коган', 'введение');1
('ресурсов', 'коган');1
('парадигмы', 'открытых');1
('века', 'хх');1
('веке', 'тренд');1
('составления', 'указателей');1
('тренд', 'задала');1
('использовать', 'составления');1
('статей', 'использовать');1
('соответствующих', 'статей');1
('текстам', 'соответствующих');1
('полным', 'текстам');1
('присоединять', 'полным');1
('находить', 'присоединять');1
('распечатывать', 'находить');1
('распространять', 'распечатывать');1
('копировать', 'распространять');1
('разгружать', 'копировать');1
('читать', 'разгружать');1
('можно', 'читать');1
('интернете', 'которые');1
('публикации', 'интернете');1
('всех', 'публикации');1
('открытые', 'всех');1
('определялся', 'открытые');1
('доступ', 'определялся');1
('документе', 'открытый');1
('этом', 'документе');1
('организаций', 'этом');1
('тысячи', 'организаций');1
('присоединились', 'тысячи');1
('тех', 'присоединились');1
('которой', 'тех');1
('доступ', 'которой');1
('инициатива', 'открытый');1
('задала', 'будапештская');1
('обладают', 'рядом');1
('рядом', 'характеристик');1
('характеристик', 'важнейшими');1
('принципами', 'открытой');1
('авторы', 'соответствии');1
('заметить', 'авторы');1
('следует', 'заметить');1
('обучающихся', 'следует');1
('категориями', 'обучающихся');1
('другими', 'категориями');1
('условиях', 'другими');1
('новых', 'условиях');1
('работ', 'новых');1
('классических', 'работ');1
('повторение', 'классических');1
('воспроизведение', 'повторение');1
('частичное', 'воспроизведение');1
('направленных', 'частичное');1
('исследований', 'направленных');1
('отсутствие', 'исследований');1
('полное', 'отсутствие');1
('обнаружили', 'полное');1
('вяткина', 'обнаружили');1
('болтон', 'н');1
('конференций', 'болтон');1
('авторитетных', 'конференций');1
('материалах', 'авторитетных');1
('монографий', 'материалах');1
('глав', 'монографий');1
('журналах', 'глав');1
('англоязычных', 'журналах');1
('рецензируемых', 'англоязычных');1
('авторитетных', 'рецензируемых');1
('соответствии', 'принципами');1
('науки', 'разместили');1
('материале', 'публикаций');1
('разместили', 'информацию');1
('революцию', 'методах');1
('предсказанную', 'революцию');1
('давно', 'предсказанную');1
('коббом', 'давно');1
('болтоном', 'коббом');1
('проведенный', 'болтоном');1
('анализ', 'проведенный');1
('мета', 'анализ');1
('показал', 'мета');1
('ия', 'показал');1
('эффективность', 'использования');1
('несмотря', 'эффективность');1
('ия', 'несмотря');1
('использования', 'корпусной');1
('широкого', 'использования');1
('оор', 'широкого');1
('концепции', 'оор');1
('важность', 'концепции');1
('языков', 'важность');1
('области', 'иностранных');1
('материалов', 'исследований');1
('инструментов', 'материалов');1
('репозитории', 'инструментов');1
('онлайн', 'репозитории');1
('публикациях', 'открытом');1
('анализа', 'публикациях');1
('отобранных', 'анализа');1
('всех', 'отобранных');1
('информацию', 'всех');1
('публикаций', 'авторитетных');1
('лет', 'материале');1
('важнейшими', 'которых');1
('одна', 'характеристик');1
('космас', 'коллегами');1
('статье', 'космас');1
('найти', 'статье');1
('можно', 'найти');1
('оор', 'можно');1
('характеристик', 'оор');1
('принципов', 'характеристик');1
('исследований', 'принципов');1
('обзор', 'исследований');1
('пунктов', 'обзор');1
('открытость', 'пунктов');1
('понятия', 'открытость');1
('характеристик', 'понятия');1
('список', 'характеристик');1
('дополняют', 'список');1
('исследователи', 'дополняют');1
('ограничениями', 'исследователи');1
('незначительными', 'ограничениями');1
('ограничений', 'незначительными');1
('лицами', 'ограничений');1
('третьими', 'лицами');1
('распространение', 'третьими');1
('адаптацию', 'распространение');1
('использование', 'адаптацию');1
('право', 'использование');1
('доступ', 'право');1
('бесплатный', 'доступ');1
('являются', 'бесплатный');1
('которых', 'являются');1
('коллегами', 'одна');1
('характеристик', 'открытой');1
('последние', 'лет');1
('науки', 'прозрачность');1
('лингвистики', 'последние');1
('области', 'обучения');1
('развития', 'исследований');1
('тенденции', 'развития');1
('анализируя', 'тенденции');1
('например', 'анализируя');1
('см', 'например');1
('воспроизводимости', 'см');1
('кризисе', 'воспроизводимости');1
('говорят', 'кризисе');1
('лингвистики', 'говорят');1
('прикладной', 'корпусной');1
('области', 'прикладной');1
('специалисты', 'области');1
('общество', 'специалисты');1
('науки', 'общество');1
('воздействия', 'науки');1
('результатов', 'воздействия');1
('научных', 'результатов');1
('точности', 'научных');1
('надежности', 'точности');1
('усиления', 'надежности');1
('целях', 'усиления');1
('результатов', 'целях');1
('воспроизводимость', 'результатов');1
('анализ', 'воспроизводимость');1
('критический', 'анализ');1
('контроль', 'критический');1
('прозрачность', 'контроль');1
('курса', 'использованию');1
('кл', 'обучении');1
('эффективности', 'привязки');1
('руководители', 'программы');1
('макэнери', 'ю');1
('скотта', 'т');1
('байбера', 'скотта');1
('д', 'байбера');1
('ученых', 'д');1
('известных', 'ученых');1
('всемирно', 'известных');1
('участия', 'всемирно');1
('пригласив', 'участия');1
('лингвистике', 'пригласив');1
('вебинаров', 'корпусной');1
('серию', 'вебинаров');1
('организовали', 'серию');1
('программы', 'организовали');1
('бразилия', 'руководители');1
('менеджера', 'которая');1
('паолу', 'бразилия');1
('сан', 'паолу');1
('университета', 'сан');1
('лингвистике', 'университета');1
('прикладной', 'лингвистике');1
('программы', 'прикладной');1
('магистерской', 'программы');1
('основания', 'магистерской');1
('летия', 'основания');1
('честь', 'летия');1
('вебинаров', 'честь');1
('серии', 'вебинаров');1
('статьях', 'серии');1
('шиманска', 'статьях');1
('ю', 'ромер');1
('ромер', 'дэвис');1
('дэвис', 'р');1
('р', 'реппен');1
('последнюю', 'версию');1
('представил', 'последнюю');1
('скотт', 'представил');1
('например', 'скотт');1
('программ', 'например');1
('известных', 'программ');1
('уже', 'известных');1
('версий', 'уже');1
('новых', 'версий');1
('продуктов', 'новых');1
('программных', 'продуктов');1
('новых', 'программных');1
('использованию', 'новых');1
('классов', 'использованию');1
('мастер', 'классов');1
('проводилось', 'мастер');1
('которых', 'проводилось');1
('течение', 'которых');1
('сентября', 'течение');1
('августе', 'сентября');1
('интенсива', 'августе');1
('недели', 'интенсива');1
('г', 'недели');1
('сентябрь', 'г');1
('апреля', 'сентябрь');1
('еженедельно', 'апреля');1
('проходили', 'еженедельно');1
('др', 'вебинары');1
('реппен', 'др');1
('описана', 'ленко');1
('доступе', 'апробация');1
('инструменты', 'находящиеся');1
('университета', 'находится');1
('студентов', 'варшавского');1
('шиманска', 'студентов');1
('разработанный', 'ленко');1
('курс', 'разработанный');1
('включить', 'курс');1
('можно', 'включить');1
('ресурсов', 'можно');1
('группу', 'ресурсов');1
('эту', 'группу');1
('статье', 'эту');1
('описана', 'статье');1
('корпусов', 'апробация');1
('коллекции', 'корпусов');1
('открытого', 'корпуса');1
('основе', 'открытого');1
('разработаны', 'основе');1
('задания', 'разработаны');1
('корпусу', 'задания');1
('обращением', 'корпусу');1
('прямым', 'обращением');1
('письма', 'прямым');1
('академического', 'письма');1
('навыков', 'академического');1
('развитие', 'навыков');1
('является', 'развитие');1
('целью', 'является');1
('платформе', 'целью');1
('размещен', 'платформе');1
('квинсленда', 'размещен');1
('варшавского', 'университета');1
('находится', 'свободном');1
('корпусные', 'инструменты');1
('доступе', 'сайте');1
('корпуса', 'корпусные');1
('общедоступные', 'корпуса');1
('изучаются', 'общедоступные');1
('важно', 'изучаются');1
('подхода', 'важно');1
('корпусного', 'подхода');1
('основе', 'корпусного');1
('материалов', 'основе');1
('создания', 'учебных');1
('навыка', 'создания');1
('развитие', 'навыка');1
('языку', 'развитие');1
('родному', 'языку');1
('иностранным', 'родному');1
('обучении', 'иностранным');1
('подходов', 'обучении');1
('корпусных', 'подходов');1
('применение', 'корпусных');1
('корпуса', 'применение');1
('анализ', 'корпуса');1
('корпус', 'анализ');1
('концепциями', 'корпус');1
('базовыми', 'концепциями');1
('участников', 'базовыми');1
('знакомство', 'участников');1
('является', 'знакомство');1
('курса', 'является');1
('целью', 'курса');1
('университета', 'целью');1
('версию', 'корпусного');1
('которая', 'момент');1
('ия', 'недостаточно');1
('интернета', 'корпусной');1
('других', 'известных');1
('некоторых', 'других');1
('захарова', 'некоторых');1
('п', 'захарова');1
('бузаджи', 'п');1
('д', 'бузаджи');1
('постнауке', 'д');1
('лингводидактика', 'контексте');1
('д', 'добровольского');1
('плунгяна', 'д');1
('беседы', 'плунгяна');1
('лекции', 'беседы');1
('посвящены', 'лекции');1
('лингвистике', 'посвящены');1
('фейсбуке', 'русскоязычном');1
('момент', 'была');1
('группах', 'фейсбуке');1
('таких', 'группах');1
('сетях', 'таких');1
('социальных', 'сетях');1
('публикуются', 'социальных');1
('событий', 'публикуются');1
('предстоящих', 'событий');1
('анонсы', 'предстоящих');1
('квинсленда', 'анонсы');1
('размещены', 'сайте');1
('докладчиков', 'размещены');1
('вебинаров', 'презентации');1
('описание', 'вебинаров');1
('развернутое', 'описание');1
('известных', 'исследователей');1
('исследователей', 'видеозаписи');1
('видеозаписи', 'заседаний');1
('заседаний', 'конференции');1
('вяткиной', 'эффективности');1
('предложение', 'н');1
('рассмотрим', 'предложение');1
('ия', 'рассмотрим');1
('оор', 'использования');1
('готовых', 'оор');1
('обзор', 'готовых');1
('языка', 'обзор');1
('портал', 'национального');1
('образовательный', 'портал');1
('расширенный', 'образовательный');1
('существенно', 'расширенный');1
('содержит', 'существенно');1
('версия', 'нкря');1
('г', 'версия');1
('мае', 'г');1
('обновленная', 'мае');1
('г', 'обновленная');1
('спбгу', 'г');1
('лингвистики', 'спбгу');1
('математической', 'лингвистики');1
('кафедре', 'математической');1
('режиме', 'кафедре');1
('дистанционном', 'режиме');1
('проходила', 'дистанционном');1
('которая', 'проходила');1
('лингвистика', 'которая');1
('корпусная', 'лингвистика');1
('конференции', 'корпусная');1
('др', 'развернутое');1
('например', 'др');1
('лингвистике', 'например');1
('исследователи', 'области');1
('были', 'крупные');1
('докладчиками', 'были');1
('вебинар', 'докладчиками');1
('состоялся', 'вебинар');1
('г', 'состоялся');1
('апрель', 'г');1
('октября', 'апрель');1
('проходили', 'октября');1
('теме', 'вебинары');1
('австралия', 'теме');1
('квинсленда', 'австралия');1
('культур', 'университета');1
('языков', 'культур');1
('школы', 'языков');1
('базе', 'школы');1
('организованные', 'базе');1
('вебинары', 'организованные');1
('продолжили', 'вебинары');1
('инициативу', 'продолжили');1
('эту', 'инициативу');1
('г', 'эту');1
('осенью', 'г');1
('докладчиков', 'осенью');1
('размещены', 'презентации');1
('кафедры', 'размещены');1
('странице', 'кафедры');1
('канале', 'странице');1
('доступе', 'записи');1
('была', 'свободном');1
('крупные', 'исследователи');1
('лингвистики', 'разработки');1
('конференций', 'корпусной');1
('разработки', 'программного');1
('международных', 'конференций');1
('ряде', 'международных');1
('автора', 'ряде');1
('презентации', 'автора');1
('собраны', 'презентации');1
('кроссвейта', 'собраны');1
('п', 'кроссвейта');1
('канале', 'п');1
('версией', 'записи');1
('сравнению', 'версией');1
('расширен', 'сравнению');1
('существенно', 'расширен');1
('которого', 'существенно');1
('функционал', 'которого');1
('менеджера', 'функционал');1
('своего', 'корпусного');1
('версией', 'своего');1
('новой', 'версией');1
('познакомил', 'новой');1
('последний', 'познакомил');1
('антони', 'последний');1
('кроссвейт', 'л');1
('п', 'кроссвейт');1
('болтон', 'п');1
('шиманска', 'болтон');1
('гарсия', 'ленко');1
('франкенберг', 'гарсия');1
('обеспечения', 'франкенберг');1
('программного', 'обеспечения');1
('университете', 'квинсленда');1
('кроссвейтом', 'университете');1
('п', 'кроссвейтом');1
('ролики', 'целые');1
('последние', 'года');1
('канале', 'последние');1
('разместил', 'своем');1
('иабдунан', 'разместил');1
('яссин', 'иабдунан');1
('например', 'яссин');1
('дисциплины', 'например');1
('этой', 'дисциплины');1
('основы', 'этой');1
('объясняются', 'основы');1
('последовательно', 'объясняются');1
('которых', 'последовательно');1
('серии', 'которых');1
('целые', 'серии');1
('отдельные', 'ролики');1
('разработан', 'п');1
('ссылок', 'отдельные');1
('ряд', 'ссылок');1
('выдает', 'целый');1
('запросу', 'выдает');1
('доступных', 'запросу');1
('лингвистике', 'доступных');1
('видеоресурсов', 'корпусной');1
('обзора', 'видеоресурсов');1
('начнем', 'обзора');1
('лингвистике', 'начнем');1
('центрами', 'корпусной');1
('ведущими', 'центрами');1
('организованные', 'ведущими');1
('вебинаров', 'организованные');1
('года', 'уже');1
('уже', 'роликов');1
('роликов', 'продолжительностью');1
('мин', 'элен');1
('видео', 'роликов');1
('разместил', 'видео');1
('канале', 'разместил');1
('антони', 'своем');1
('колеблется', 'л');1
('обучающих', 'видео');1
('продолжительность', 'обучающих');1
('ролика', 'продолжительность');1
('разместил', 'ролика');1
('каналы', 'разместил');1
('свои', 'каналы');1
('имеют', 'свои');1
('корпусов', 'имеют');1
('крупных', 'корпусов');1
('разработчики', 'крупных');1
('корпусе', 'разработчики');1
('корпуса', 'корпусе');1
('освоению', 'созданию');1
('ролики', 'освоению');1
('являются', 'ролики');1
('просмотров', 'являются');1
('год', 'просмотров');1
('набравшими', 'год');1
('популярными', 'набравшими');1
('наиболее', 'популярными');1
('роликов', 'наиболее');1
('выложила', 'роликов');1
('фолл', 'выложила');1
('элен', 'фолл');1
('курсы', 'записи');1
('коллекции', 'моок');1
('рассмотрим', 'коллекции');1
('практических', 'лингвистических');1
('других', 'теоретических');1
('изучении', 'других');1
('ия', 'использовать');1
('методики', 'обучения');1
('курсе', 'методики');1
('подходами', 'курсе');1
('другими', 'подходами');1
('наряду', 'другими');1
('лингвистики', 'наряду');1
('возможности', 'корпусной');1
('изучать', 'возможности');1
('будут', 'изучать');1
('студенты', 'будут');1
('улучшится', 'студенты');1
('ситуация', 'улучшится');1
('предполагает', 'ситуация');1
('исследователь', 'предполагает');1
('практику', 'исследователь');1
('собственную', 'педагогическую');1
('кл', 'собственную');1
('подходы', 'кл');1
('интегрировать', 'подходы');1
('успешно', 'интегрировать');1
('могли', 'успешно');1
('ия', 'могли');1
('преподаватели', 'ия');1
('будущие', 'преподаватели');1
('того', 'будущие');1
('недостаточно', 'того');1
('теоретических', 'практических');1
('лингвистических', 'дисциплин');1
('лингвистики', 'рассмотрим');1
('дисциплин', 'мотивированных');1
('самообразования', 'области');1
('использовать', 'самообразования');1
('доступе', 'которые');1
('свободном', 'открытом');1
('ресурсов', 'находящихся');1
('ряд', 'образовательных');1
('есть', 'целый');1
('кл', 'есть');1
('квалификации', 'кл');1
('ресурсов', 'повышения');1
('обзор', 'открытых');1
('разделе', 'обзор');1
('следующем', 'разделе');1
('рассмотрим', 'следующем');1
('которые', 'рассмотрим');1
('способы', 'которые');1
('разные', 'способы');1
('доступны', 'разные');1
('самостоятельно', 'доступны');1
('ия', 'самостоятельно');1
('применения', 'обучении');1
('способы', 'применения');1
('кл', 'способы');1
('основы', 'кл');1
('освоить', 'основы');1
('желающих', 'освоить');1
('действующих', 'преподавателей');1
('будущих', 'действующих');1
('мотивированных', 'будущих');1
('роликов', 'объясняющих');1
('объясняющих', 'использовать');1
('использовать', 'основные');1
('платформе', 'открытое');1
('размещен', 'национальной');1
('левинзон', 'размещен');1
('представленный', 'левинзон');1
('вшэ', 'представленный');1
('курс', 'вшэ');1
('лингвистику', 'курс');1
('корпусную', 'лингвистику');1
('введение', 'корпусную');1
('брезиной', 'введение');1
('разработанным', 'брезиной');1
('менеджером', 'разработанным');1
('корпусным', 'менеджером');1
('новым', 'корпусным');1
('корпусами', 'новым');1
('онлайн', 'корпусами');1
('крупными', 'онлайн');1
('знакомит', 'крупными');1
('кл', 'знакомит');1
('использованием', 'кл');1
('вопросы', 'обучения');1
('затрагивает', 'вопросы');1
('кл', 'затрагивает');1
('введением', 'кл');1
('является', 'введением');1
('моок', 'является');1
('платформе', 'моок');1
('размещенный', 'платформе');1
('макэнери', 'размещенный');1
('университете', 'т');1
('национальной', 'платформе');1
('образование', 'курс');1
('лингвистике', 'разработанный');1
('курс', 'дает');1
('курс', 'разработан');1
('онлайн', 'курс');1
('частный', 'онлайн');1
('маленький', 'частный');1
('категории', 'маленький');1
('относится', 'категории');1
('курс', 'относится');1
('работе', 'курс');1
('повседневной', 'работе');1
('преподавания', 'повседневной');1
('корпусного', 'преподавания');1
('методы', 'корпусного');1
('базовые', 'методы');1
('освоить', 'базовые');1
('позволяет', 'освоить');1
('языков', 'позволяет');1
('английского', 'языков');1
('русского', 'английского');1
('корпусами', 'русского');1
('существующими', 'корпусами');1
('пользоваться', 'существующими');1
('учит', 'пользоваться');1
('лингвистики', 'учит');1
('современной', 'корпусной');1
('достижений', 'современной');1
('применении', 'достижений');1
('практическом', 'применении');1
('представление', 'практическом');1
('дает', 'представление');1
('разработанный', 'ланкастерском');1
('курсы', 'корпусной');1
('основные', 'функции');1
('материалы', 'практически');1
('интернета', 'такие');1
('менеджеров', 'русскоязычном');1
('корпусных', 'менеджеров');1
('применения', 'корпусных');1
('корпусах', 'применения');1
('онлайн', 'корпусах');1
('работы', 'доступных');1
('хитростями', 'работы');1
('скрытыми', 'хитростями');1
('ия', 'скрытыми');1
('применения', 'подходов');1
('опытом', 'применения');1
('собственным', 'опытом');1
('них', 'собственным');1
('делясь', 'них');1
('видео', 'делясь');1
('небольшие', 'видео');1
('создавать', 'небольшие');1
('активно', 'создавать');1
('призывает', 'активно');1
('фолл', 'призывает');1
('колеблется', 'фолл');1
('длительность', 'видео');1
('разработал', 'длительность');1
('менеджера', 'разработал');1
('широкоизвестного', 'корпусного');1
('версии', 'широкоизвестного');1
('программы', 'версии');1
('функции', 'программы');1
('такие', 'материалы');1
('практически', 'отсутствуют');1
('популярные', 'моок');1
('отсутствуют', 'массовые');1
('наиболее', 'популярные');1
('самообразования', 'наиболее');1
('ресурсом', 'самообразования');1
('ценным', 'ресурсом');1
('делает', 'ценным');1
('доступность', 'делает');1
('менее', 'доступность');1
('ресурсов', 'менее');1
('категориями', 'ресурсов');1
('этими', 'категориями');1
('отличия', 'этими');1
('важные', 'отличия');1
('выявить', 'важные');1
('позволил', 'выявить');1
('оор', 'позволил');1
('курсов', 'оор');1
('моок', 'курсов');1
('сравнения', 'моок');1
('анализ', 'сравнения');1
('специально', 'проведенный');1
('ресурсов', 'специально');1
('примером', 'открытых');1
('являются', 'примером');1
('сознании', 'являются');1
('массовом', 'сознании');1
('курсы', 'массовом');1
('онлайн', 'курсы');1
('открытые', 'онлайн');1
('массовые', 'открытые');1
('деятельности', 'студентов');1
