Words;Frequencies;Ranks;Logarithm of Frequencies;Logarithm of ranks
корпусной;29;1;1.462397997898956;0.0
ия;22;2;1.3424226808222062;0.30102999566398114
лингвистики;19;3;1.2787536009528289;0.47712125471966244
корпусов;17;4;1.2304489213782739;0.6020599913279623
корпуса;17;5;1.2304489213782739;0.6989700043360187
оор;14;6;1.1461280356782377;0.7781512503836435
онлайн;13;7;1.1139433523068367;0.8450980400142567
видео;13;8;1.1139433523068367;0.9030899869919434
является;12;9;1.0791812460476247;0.9542425094393249
подходов;11;10;1.041392685158225;1.0
например;10;11;1.0;1.041392685158225
заданий;10;12;1.0;1.0791812460476247
языка;10;13;1.0;1.1139433523068367
материалы;10;14;1.0;1.1461280356782377
основе;10;15;1.0;1.1760912590556811
урока;10;16;1.0;1.2041199826559246
использовать;9;17;0.9542425094393249;1.2304489213782739
доступе;9;18;0.9542425094393249;1.2552725051033058
обучении;9;19;0.9542425094393249;1.2787536009528289
можно;8;20;0.9030899869919434;1.301029995663981
использования;8;21;0.9030899869919434;1.322219294733919
области;8;22;0.9030899869919434;1.3424226808222062
использованием;8;23;0.9030899869919434;1.3617278360175928
материалов;8;24;0.9030899869919434;1.380211241711606
кл;8;25;0.9030899869919434;1.3979400086720375
преподавателей;8;26;0.9030899869919434;1.414973347970818
лингвистике;8;27;0.9030899869919434;1.4313637641589871
уроков;8;28;0.9030899869919434;1.447158031342219
которые;7;29;0.8450980400142567;1.462397997898956
языков;7;30;0.8450980400142567;1.4771212547196624
анализ;7;31;0.8450980400142567;1.4913616938342726
г;7;32;0.8450980400142567;1.5051499783199058
нкря;7;33;0.8450980400142567;1.5185139398778873
корпусных;7;34;0.8450980400142567;1.5314789170422551
университета;7;35;0.8450980400142567;1.5440680443502754
задания;7;36;0.8450980400142567;1.556302500767287
содержит;7;37;0.8450980400142567;1.5682017240669948
ресурсов;6;38;0.7781512503836435;1.57978359661681
других;6;39;0.7781512503836435;1.591064607026499
работы;6;40;0.7781512503836435;1.6020599913279623
т;6;41;0.7781512503836435;1.6127838567197355
д;6;42;0.7781512503836435;1.6232492903979003
обучения;6;43;0.7781512503836435;1.6334684555795864
н;6;44;0.7781512503836435;1.6434526764861872
английского;6;45;0.7781512503836435;1.6532125137753435
корпусу;6;46;0.7781512503836435;1.6627578316815739
вебинаров;6;47;0.7781512503836435;1.6720978579357173
сайте;6;48;0.7781512503836435;1.6812412373755872
планов;6;49;0.7781512503836435;1.6901960800285134
учебные;6;50;0.7781512503836435;1.6989700043360185
х;6;51;0.7781512503836435;1.7075701760979363
открытых;5;52;0.6989700043360187;1.716003343634799
образовательных;5;53;0.6989700043360187;1.724275869600789
доступ;5;54;0.6989700043360187;1.7323937598229684
исследования;5;55;0.6989700043360187;1.7403626894942439
открытом;5;56;0.6989700043360187;1.7481880270062005
характеристик;5;57;0.6989700043360187;1.7558748556724912
которых;5;58;0.6989700043360187;1.7634279935629371
являются;5;59;0.6989700043360187;1.7708520116421442
новых;5;60;0.6989700043360187;1.7781512503836434
лингводидактики;5;61;0.6989700043360187;1.785329835010767
использованию;5;62;0.6989700043360187;1.7923916894982537
статьях;5;63;0.6989700043360187;1.7993405494535815
свободном;5;64;0.6989700043360187;1.8061799739838869
разделе;5;65;0.6989700043360187;1.8129133566428552
примеры;5;66;0.6989700043360187;1.8195439355418683
школы;5;67;0.6989700043360187;1.8260748027008262
эти;5;68;0.6989700043360187;1.8325089127062362
корпусного;5;69;0.6989700043360187;1.8388490907372552
платформе;5;70;0.6989700043360187;1.845098040014257
курс;5;71;0.6989700043360187;1.851258348719075
учебных;5;72;0.6989700043360187;1.8573324964312683
др;5;73;0.6989700043360187;1.8633228601204557
слов;5;74;0.6989700043360187;1.8692317197309762
мини;5;75;0.6989700043360187;1.8750612633916997
план;5;76;0.6989700043360187;1.8808135922807911
й;5;77;0.6989700043360187;1.8864907251724818
введение;4;78;0.6020599913279623;1.8920946026904801
развитие;4;79;0.6020599913279623;1.8976270912904412
этого;4;80;0.6020599913279623;1.9030899869919433
проекта;4;81;0.6020599913279623;1.9084850188786497
публикации;4;82;0.6020599913279623;1.9138138523837167
работе;4;83;0.6020599913279623;1.919078092376074
исследований;4;84;0.6020599913279623;1.9242792860618814
статье;4;85;0.6020599913279623;1.9294189257142926
развития;4;86;0.6020599913279623;1.9344984512435675
материалах;4;87;0.6020599913279623;1.9395192526186182
отсутствие;4;88;0.6020599913279623;1.9444826721501687
обучающихся;4;89;0.6020599913279623;1.9493900066449126
широкому;4;90;0.6020599913279623;1.9542425094393248
созданных;4;91;0.6020599913279623;1.9590413923210932
доступен;4;92;0.6020599913279623;1.9637878273455551
средней;4;93;0.6020599913279623;1.968482948553935
русского;4;94;0.6020599913279623;1.9731278535996983
заданиями;4;95;0.6020599913279623;1.9777236052888476
соса;4;96;0.6020599913279623;1.9822712330395682
теме;4;97;0.6020599913279623;1.9867717342662448
корпусом;4;98;0.6020599913279623;1.9912260756924949
вяткиной;4;99;0.6020599913279623;1.9956351945975497
целью;4;100;0.6020599913279623;2.0
ленко;4;101;0.6020599913279623;2.0043213737826426
шиманска;4;102;0.6020599913279623;2.008600171761917
курса;4;103;0.6020599913279623;2.012837224705172
применения;4;104;0.6020599913279623;2.0170333392987803
самообразования;4;105;0.6020599913279623;2.021189299069938
моок;4;106;0.6020599913279623;2.02530586526477
записи;4;107;0.6020599913279623;2.0293837776852093
канале;4;108;0.6020599913279623;2.0334237554869494
продолжительностью;4;109;0.6020599913279623;2.0374264979406234
функции;4;110;0.6020599913279623;2.041392685158225
университете;4;111;0.6020599913279623;2.045322978786657
п;4;112;0.6020599913279623;2.049218022670181
навыков;4;113;0.6020599913279623;2.0530784434834195
разработаны;4;114;0.6020599913279623;2.0569048513364723
студентов;4;115;0.6020599913279623;2.0606978403536114
которая;4;116;0.6020599913279623;2.064457989226918
руководством;4;117;0.6020599913279623;2.0681858617461617
речи;4;118;0.6020599913279623;2.0718820073061255
слова;4;119;0.6020599913279623;2.0755469613925306
разных;4;120;0.6020599913279623;2.0791812460476247
контексте;3;121;0.47712125471966244;2.08278537031645
интернета;3;122;0.47712125471966244;2.086359830674748
открытое;3;123;0.47712125471966244;2.0899051114393976
образование;3;124;0.47712125471966244;2.093421685162235
информацию;3;125;0.47712125471966244;2.0969100130080562
е;3;126;0.47712125471966244;2.1003705451175625
открытые;3;127;0.47712125471966244;2.103803720955957
целей;3;128;0.47712125471966244;2.107209969647868
рекомендациях;3;129;0.47712125471966244;2.110589710299249
развитию;3;130;0.47712125471966244;2.1139433523068365
открытого;3;131;0.47712125471966244;2.117271295655764
открытой;3;132;0.47712125471966244;2.1205739312058496
образования;3;133;0.47712125471966244;2.123851640967086
иностранных;3;134;0.47712125471966244;2.1271047983648073
исследователи;3;135;0.47712125471966244;2.130333768495006
список;3;136;0.47712125471966244;2.1335389083702174
обзор;3;137;0.47712125471966244;2.1367205671564067
науки;3;138;0.47712125471966244;2.1398790864012365
научных;3;139;0.47712125471966244;2.143014800254095
конференций;3;140;0.47712125471966244;2.1461280356782377
показал;3;141;0.47712125471966244;2.1492191126553797
проведенный;3;142;0.47712125471966244;2.1522883443830563
преподавания;3;143;0.47712125471966244;2.1553360374650614
разные;3;144;0.47712125471966244;2.1583624920952493
базе;3;145;0.47712125471966244;2.1613680022349744
корпусах;3;146;0.47712125471966244;2.1643528557844367
педагогической;3;147;0.47712125471966244;2.1673173347481756
сайта;3;148;0.47712125471966244;2.170261715394957
темы;3;149;0.47712125471966244;2.173186268412274
уже;3;150;0.47712125471966244;2.176091259055681
качестве;3;151;0.47712125471966244;2.1789769472931693
мнению;3;152;0.47712125471966244;2.181843587944772
разработанных;3;153;0.47712125471966244;2.1846914308175984
деятельности;3;154;0.47712125471966244;2.187520720836463
специального;3;155;0.47712125471966244;2.1903316981702914
способы;3;156;0.47712125471966244;2.1931245983544616
доступны;3;157;0.47712125471966244;2.1958996524092336
рассмотрим;3;158;0.47712125471966244;2.1986570869544226
есть;3;159;0.47712125471966244;2.2013971243204513
ряд;3;160;0.47712125471966244;2.2041199826559246
коллекции;3;161;0.47712125471966244;2.2068258760318495
курсы;3;162;0.47712125471966244;2.2095150145426303
доступных;3;163;0.47712125471966244;2.2121876044039577
разместил;3;164;0.47712125471966244;2.214843848047698
своем;3;165;0.47712125471966244;2.217483944213906
роликов;3;166;0.47712125471966244;2.220108088040055
фолл;3;167;0.47712125471966244;2.2227164711475833
программы;3;168;0.47712125471966244;2.2253092817258624
версии;3;169;0.47712125471966244;2.2278867046136734
менеджера;3;170;0.47712125471966244;2.2304489213782737
примером;3;171;0.47712125471966244;2.2329961103921536
категории;3;172;0.47712125471966244;2.2355284469075487
квинсленда;3;173;0.47712125471966244;2.2380461031287955
эту;3;174;0.47712125471966244;2.2405492482825995
важно;3;175;0.47712125471966244;2.2430380486862944
изучаются;3;176;0.47712125471966244;2.2455126678141495
известных;3;177;0.47712125471966244;2.2479732663618064
вебинары;3;178;0.47712125471966244;2.2504200023088936
классов;3;179;0.47712125471966244;2.252853030979893
презентации;3;180;0.47712125471966244;2.255272505103306
инструкция;3;181;0.47712125471966244;2.2576785748691846
учащихся;3;182;0.47712125471966244;2.2600713879850747
разным;3;183;0.47712125471966244;2.2624510897304293
примеров;3;184;0.47712125471966244;2.2648178230095364
уроки;3;185;0.47712125471966244;2.2671717284030133
представлены;3;186;0.47712125471966244;2.2695129442179165
множественного;3;187;0.47712125471966244;2.271841606536499
числа;3;188;0.47712125471966244;2.2741578492636796
ресурс;3;189;0.47712125471966244;2.276461804173244
виде;3;190;0.47712125471966244;2.278753600952829
предложения;3;191;0.47712125471966244;2.281033367247727
видеосюжета;3;192;0.47712125471966244;2.2833012287035492
вопроса;3;193;0.47712125471966244;2.2855573090077734
своей;3;194;0.47712125471966244;2.287801729930226
практике;3;195;0.47712125471966244;2.290034611362518
корпусная;2;196;0.30102999566398114;2.2922560713564755
парадигмы;2;197;0.30102999566398114;2.294466226161593
науку;2;198;0.30102999566398114;2.296665190261531
годы;2;199;0.30102999566398114;2.2988530764097064
тренд;2;200;0.30102999566398114;2.301029995663981
будапештская;2;201;0.30102999566398114;2.3031960574204886
инициатива;2;202;0.30102999566398114;2.305351369446624
открытый;2;203;0.30102999566398114;2.3074960379132126
тысячи;2;204;0.30102999566398114;2.3096301674258983
всех;2;205;0.30102999566398114;2.311753861055754
составления;2;206;0.30102999566398114;2.3138672203691533
автора;2;207;0.30102999566398114;2.3159703454569174
оон;2;208;0.30102999566398114;2.3180633349627615
юнеско;2;209;0.30102999566398114;2.320146286111054
открытыми;2;210;0.30102999566398114;2.322219294733919
образовательными;2;211;0.30102999566398114;2.3242824552976926
ресурсами;2;212;0.30102999566398114;2.326335860928751
высшего;2;213;0.30102999566398114;2.3283796034387376
ресурсах;2;214;0.30102999566398114;2.3304137733491905
изучение;2;215;0.30102999566398114;2.332438459915605
собраны;2;216;0.30102999566398114;2.3344537511509307
ресурсы;2;217;0.30102999566398114;2.3364597338485296
обладают;2;218;0.30102999566398114;2.3384564936046046
использование;2;219;0.30102999566398114;2.340444114840118
дополняют;2;220;0.30102999566398114;2.342422680822206
результатов;2;221;0.30102999566398114;2.34439227368511
прикладной;2;222;0.30102999566398114;2.3463529744506384
последние;2;223;0.30102999566398114;2.3483048630481607
материале;2;224;0.30102999566398114;2.3502480183341623
авторитетных;2;225;0.30102999566398114;2.3521825181113623
англоязычных;2;226;0.30102999566398114;2.3541084391474008
болтон;2;227;0.30102999566398114;2.3560258571931225
вяткина;2;228;0.30102999566398114;2.3579348470004535
условиях;2;229;0.30102999566398114;2.359835482339888
другими;2;230;0.30102999566398114;2.3617278360175926
категориями;2;231;0.30102999566398114;2.363611979892144
авторы;2;232;0.30102999566398114;2.3654879848908994
соответствии;2;233;0.30102999566398114;2.3673559210260184
инструментов;2;234;0.30102999566398114;2.3692158574101425
внимание;2;235;0.30102999566398114;2.371067862271736
описанных;2;236;0.30102999566398114;2.3729120029701067
недостаточная;2;237;0.30102999566398114;2.374748346010104
подготовка;2;238;0.30102999566398114;2.376576957056512
находящихся;2;239;0.30102999566398114;2.3783979009481375
одним;2;240;0.30102999566398114;2.380211241711606
специально;2;241;0.30102999566398114;2.382017042574868
находится;2;242;0.30102999566398114;2.383815365980431
больших;2;243;0.30102999566398114;2.3856062735983117
нкри;2;244;0.30102999566398114;2.387389826338729
режима;2;245;0.30102999566398114;2.3891660843645326
поиска;2;246;0.30102999566398114;2.390935107103379
проблемой;2;247;0.30102999566398114;2.392696953259666
упражнений;2;248;0.30102999566398114;2.394451680826216
преподаватель;2;249;0.30102999566398114;2.396199347095736
изучении;2;250;0.30102999566398114;2.397940008672037
ним;2;251;0.30102999566398114;2.3996737214810375
них;2;252;0.30102999566398114;2.4014005407815437
определенного;2;253;0.30102999566398114;2.4031205211758175
национального;2;254;0.30102999566398114;2.404833716619938
пособия;2;255;0.30102999566398114;2.4065401804339546
правило;2;256;0.30102999566398114;2.408239965311849
открытым;2;257;0.30102999566398114;2.4099331233312946
находящиеся;2;258;0.30102999566398114;2.41161970596323
доступные;2;259;0.30102999566398114;2.4132997640812515
конкретному;2;260;0.30102999566398114;2.4149733479708178
проблема;2;261;0.30102999566398114;2.416640507338281
решения;2;262;0.30102999566398114;2.4183012913197452
систему;2;263;0.30102999566398114;2.4199557484897576
студенты;2;264;0.30102999566398114;2.421603926869831
базовые;2;265;0.30102999566398114;2.4232458739368075
знания;2;266;0.30102999566398114;2.4248816366310666
имеют;2;267;0.30102999566398114;2.426511261364575
зарегистрированные;2;268;0.30102999566398114;2.4281347940287885
данных;2;269;0.30102999566398114;2.4297522800024076
вопрос;2;270;0.30102999566398114;2.4313637641589874
того;2;271;0.30102999566398114;2.4329692908744054
преподаватели;2;272;0.30102999566398114;2.4345689040341987
подходы;2;273;0.30102999566398114;2.436162647040756
педагогическую;2;274;0.30102999566398114;2.437750562820388
практику;2;275;0.30102999566398114;2.4393326938302624
подходами;2;276;0.30102999566398114;2.4409090820652173
будущих;2;277;0.30102999566398114;2.442479769064448
желающих;2;278;0.30102999566398114;2.4440447959180758
освоить;2;279;0.30102999566398114;2.4456042032735974
основы;2;280;0.30102999566398114;2.447158031342219
самостоятельно;2;281;0.30102999566398114;2.4487063199050794
повышения;2;282;0.30102999566398114;2.450249108319361
квалификации;2;283;0.30102999566398114;2.45178643552429
целый;2;284;0.30102999566398114;2.4533183400470375
организованные;2;285;0.30102999566398114;2.45484486000851
отдельные;2;286;0.30102999566398114;2.4563660331290427
ролики;2;287;0.30102999566398114;2.4578818967339924
серии;2;288;0.30102999566398114;2.4593924877592306
мин;2;289;0.30102999566398114;2.4608978427565478
элен;2;290;0.30102999566398114;2.4623979978989556
наиболее;2;291;0.30102999566398114;2.4638929889859074
созданию;2;292;0.30102999566398114;2.465382851448418
собственного;2;293;0.30102999566398114;2.4668676203541096
корпусе;2;294;0.30102999566398114;2.468347330412157
колеблется;2;295;0.30102999566398114;2.469822015978163
л;2;296;0.30102999566398114;2.4712917110589383
антони;2;297;0.30102999566398114;2.4727564493172123
основные;2;298;0.30102999566398114;2.4742162640762553
небольшие;2;299;0.30102999566398114;2.4756711883244296
русскоязычном;2;300;0.30102999566398114;2.477121254719662
сегменте;2;301;0.30102999566398114;2.478566495593843
курсов;2;302;0.30102999566398114;2.4800069429571505
делает;2;303;0.30102999566398114;2.481442628502305
разработанный;2;304;0.30102999566398114;2.4828735836087534
ланкастерском;2;305;0.30102999566398114;2.484299839346786
макэнери;2;306;0.30102999566398114;2.4857214264815797
корпусами;2;307;0.30102999566398114;2.487138375477186
вшэ;2;308;0.30102999566398114;2.488550716500444
размещен;2;309;0.30102999566398114;2.4899584794248346
повседневной;2;310;0.30102999566398114;2.4913616938342726
апробация;2;311;0.30102999566398114;2.492760389026837
описана;2;312;0.30102999566398114;2.4941545940184424
базовыми;2;313;0.30102999566398114;2.4955443375464483
создания;2;314;0.30102999566398114;2.4969296480732144
р;2;315;0.30102999566398114;2.4983105537896004
проходили;2;316;0.30102999566398114;2.4996870826184034
течение;2;317;0.30102999566398114;2.501059262217751
размещены;2;318;0.30102999566398114;2.5024271199844326
докладчиков;2;319;0.30102999566398114;2.503790683057181
разработки;2;320;0.30102999566398114;2.505149978319906
версией;2;321;0.30102999566398114;2.506505032404872
существенно;2;322;0.30102999566398114;2.507855871695831
описание;2;323;0.30102999566398114;2.5092025223311025
событий;2;324;0.30102999566398114;2.5105450102066116
таких;2;325;0.30102999566398114;2.511883360978874
группах;2;326;0.30102999566398114;2.513217600067939
беседы;2;327;0.30102999566398114;2.514547752660286
конференции;2;328;0.30102999566398114;2.515873843711679
кафедре;2;329;0.30102999566398114;2.517195897949974
привязки;2;330;0.30102999566398114;2.518513939877887
инструкциями;2;331;0.30102999566398114;2.5198279937757184
пользователя;2;332;0.30102999566398114;2.521138083704036
стр;2;333;0.30102999566398114;2.5224442335063197
инструментам;2;334;0.30102999566398114;2.5237464668115646
инструкции;2;335;0.30102999566398114;2.5250448070368448
должны;2;336;0.30102999566398114;2.5263392773898437
материала;2;337;0.30102999566398114;2.5276299008713385
поддержки;2;338;0.30102999566398114;2.5289167002776547
стороны;2;339;0.30102999566398114;2.5301996982030817
преподавателя;2;340;0.30102999566398114;2.531478917042255
уровнем;2;341;0.30102999566398114;2.5327543789924976
формат;2;342;0.30102999566398114;2.5340261060561344
работу;2;343;0.30102999566398114;2.53529412004277
расширение;2;344;0.30102999566398114;2.53655844257153
словарного;2;345;0.30102999566398114;2.537819095073274
запаса;2;346;0.30102999566398114;2.5390760987927767
могут;2;347;0.30102999566398114;2.5403294747908736
употребления;2;348;0.30102999566398114;2.5415792439465807
учебниках;2;349;0.30102999566398114;2.5428254269591797
конкретного;2;350;0.30102999566398114;2.5440680443502752
габласовой;2;351;0.30102999566398114;2.545307116465824
носителей;2;352;0.30102999566398114;2.5465426634781307
изучающих;2;353;0.30102999566398114;2.5477747053878224
английский;2;354;0.30102999566398114;2.5490032620257876
язык;2;355;0.30102999566398114;2.5502283530550938
иностранный;2;356;0.30102999566398114;2.551449997972875
рубрикам;2;357;0.30102999566398114;2.5526682161121927
категориям;2;358;0.30102999566398114;2.553883026643874
рамках;2;359;0.30102999566398114;2.555094448578319
явления;2;360;0.30102999566398114;2.5563025007672873
грамматики;2;361;0.30102999566398114;2.5575072019056577
лица;2;362;0.30102999566398114;2.558708570533166
каждой;2;363;0.30102999566398114;2.559906625036112
строк;2;364;0.30102999566398114;2.5611013836490555
данном;2;365;0.30102999566398114;2.5622928644564746
случае;2;366;0.30102999566398114;2.56348108539441
сложности;2;367;0.30102999566398114;2.5646660642520893
прослушать;2;368;0.30102999566398114;2.5658478186735176
близких;2;369;0.30102999566398114;2.56702636615906
автоматически;2;370;0.30102999566398114;2.5682017240669945
диктора;2;371;0.30102999566398114;2.5693739096150456
попытки;2;372;0.30102999566398114;2.5705429398818973
возможность;2;373;0.30102999566398114;2.5717088318086874
лексики;2;374;0.30102999566398114;2.57287160220048
получить;2;375;0.30102999566398114;2.5740312677277184
последующей;2;376;0.30102999566398114;2.575187844927661
задании;2;377;0.30102999566398114;2.5763413502057926
учащиеся;2;378;0.30102999566398114;2.577491799837225
задание;2;379;0.30102999566398114;2.578639209968072
формате;2;380;0.30102999566398114;2.57978359661681
обучение;2;381;0.30102999566398114;2.580924975675619
минут;2;382;0.30102999566398114;2.5820633629117085
письменных;2;383;0.30102999566398114;2.5831987739686224
студентами;2;384;0.30102999566398114;2.5843312243675305
методически;2;385;0.30102999566398114;2.5854607295085006
конкретной;2;386;0.30102999566398114;2.5865873046717547
старших;2;387;0.30102999566398114;2.5877109650189114
верные;2;388;0.30102999566398114;2.5888317255942073
школьников;2;389;0.30102999566398114;2.5899496013257073
требует;2;390;0.30102999566398114;2.591064607026499
дальнейшего;2;391;0.30102999566398114;2.5921767573958667
идея;2;392;0.30102999566398114;2.5932860670204567
разработке;2;393;0.30102999566398114;2.5943925503754266
ма;2;394;0.30102999566398114;2.5954962218255737
определенной;2;395;0.30102999566398114;2.59659709562646
думается;2;396;0.30102999566398114;2.597695185925512
проектной;2;397;0.30102999566398114;2.598790506763115
лингводидактика;1;398;0.0;2.5998830720736876
коган;1;399;0.0;2.600972895686748
информационного;1;400;0.0;2.602059991327962
общества;1;401;0.0;2.603144372620182
привело;1;402;0.0;2.60422605308447
появлению;1;403;0.0;2.605305046141109
важного;1;404;0.0;2.6063813651106047
тренда;1;405;0.0;2.6074550232146683
инициатором;1;406;0.0;2.608526033577194
движения;1;407;0.0;2.6095944092252195
считается;1;408;0.0;2.6106601630898796
майкл;1;409;0.0;2.611723308007342
стерн;1;410;0.0;2.6127838567197355
харт;1;411;0.0;2.613841821876069
изобретатель;1;412;0.0;2.6148972160331345
электронных;1;413;0.0;2.615950051656401
книг;1;414;0.0;2.6170003411208986
основатель;1;415;0.0;2.6180480967120925
гутенберг;1;416;0.0;2.6190933306267423
прошлого;1;417;0.0;2.620136054973757
века;1;418;0.0;2.621176281775035
хх;1;419;0.0;2.622214022966295
веке;1;420;0.0;2.6232492903979003
задала;1;421;0.0;2.624282095835668
которой;1;422;0.0;2.625312450961674
тех;1;423;0.0;2.626340367375042
присоединились;1;424;0.0;2.6273658565927325
организаций;1;425;0.0;2.6283889300503116
этом;1;426;0.0;2.629409599102719
документе;1;427;0.0;2.6304278750250236
определялся;1;428;0.0;2.631443769013172
интернете;1;429;0.0;2.632457292184724
читать;1;430;0.0;2.633468455579586
разгружать;1;431;0.0;2.634477270160731
копировать;1;432;0.0;2.635483746814912
распространять;1;433;0.0;2.636487896353365
распечатывать;1;434;0.0;2.6374897295125104
находить;1;435;0.0;2.638489256954637
присоединять;1;436;0.0;2.639486489268586
полным;1;437;0.0;2.6404814369704215
текстам;1;438;0.0;2.6414741105040993
соответствующих;1;439;0.0;2.6424645202421213
статей;1;440;0.0;2.643452676486187
указателей;1;441;0.0;2.644438589467838
вводить;1;442;0.0;2.6454222693490914
данные;1;443;0.0;2.6464037262230695
программное;1;444;0.0;2.6473829701146196
обеспечение;1;445;0.0;2.648360010980931
законных;1;446;0.0;2.649334858712142
отсутствии;1;447;0.0;2.650307523131936
финансовых;1;448;0.0;2.6512780139981436
правовых;1;449;0.0;2.6522463410033232
технических;1;450;0.0;2.6532125137753435
преград;1;451;0.0;2.6541765418779604
соблюдении;1;452;0.0;2.655138434811382
целостности;1;453;0.0;2.656098202012832
обязательной;1;454;0.0;2.6570558528571038
ссылке;1;455;0.0;2.658011396657112
имя;1;456;0.0;2.658964842664435
использовании;1;457;0.0;2.65991620006985
цитировании;1;458;0.0;2.660865478003869
последующие;1;459;0.0;2.661812685537261
получила;1;460;0.0;2.662757831681574
многочисленных;1;461;0.0;2.663700925389648
документах;1;462;0.0;2.6646419755561253
продвижению;1;463;0.0;2.665580991017953
доступа;1;464;0.0;2.6665179805548807
науке;1;465;0.0;2.6674529528899535
сфере;1;466;0.0;2.6683859166899997
практик;1;467;0.0;2.669316880566112
касающиеся;1;468;0.0;2.6702458530741238
влияния;1;469;0.0;2.671172842715083
преподавание;1;470;0.0;2.672097857935717
томе;1;471;0.0;2.6730209071288957
находящемся;1;472;0.0;2.6739419986340875
образовательные;1;473;0.0;2.674861140737811
рядом;1;474;0.0;2.675778341674085
важнейшими;1;475;0.0;2.6766936096248664
бесплатный;1;476;0.0;2.677606952720493
право;1;477;0.0;2.678518379040114
адаптацию;1;478;0.0;2.6794278966121188
распространение;1;479;0.0;2.6803355134145628
третьими;1;480;0.0;2.681241237375587
лицами;1;481;0.0;2.6821450763738315
ограничений;1;482;0.0;2.683047038238849
незначительными;1;483;0.0;2.6839471307515117
ограничениями;1;484;0.0;2.6848453616444123
понятия;1;485;0.0;2.6857417386022635
открытость;1;486;0.0;2.686636269262293
пунктов;1;487;0.0;2.687528961214634
принципов;1;488;0.0;2.6884198220027105
найти;1;489;0.0;2.6893088591236203
космас;1;490;0.0;2.6901960800285134
коллегами;1;491;0.0;2.691081492122968
одна;1;492;0.0;2.69196510276736
прозрачность;1;493;0.0;2.6928469192772297
контроль;1;494;0.0;2.6937269489236466
критический;1;495;0.0;2.6946051989335684
воспроизводимость;1;496;0.0;2.695481676490197
целях;1;497;0.0;2.696356388733332
усиления;1;498;0.0;2.697229342759717
надежности;1;499;0.0;2.6981005456233897
точности;1;500;0.0;2.6989700043360183
воздействия;1;501;0.0;2.6998377258672455
общество;1;502;0.0;2.700703717145019
специалисты;1;503;0.0;2.7015679850559273
говорят;1;504;0.0;2.702430536445525
кризисе;1;505;0.0;2.7032913781186614
воспроизводимости;1;506;0.0;2.704150516839799
см;1;507;0.0;2.705007959333336
анализируя;1;508;0.0;2.705863712283919
тенденции;1;509;0.0;2.7067177823367583
лет;1;510;0.0;2.707570176097936
публикаций;1;511;0.0;2.7084209001347124
рецензируемых;1;512;0.0;2.7092699609758304
журналах;1;513;0.0;2.710117365111816
глав;1;514;0.0;2.7109631189952754
монографий;1;515;0.0;2.7118072290411908
обнаружили;1;516;0.0;2.7126497016272113
полное;1;517;0.0;2.7134905430939424
направленных;1;518;0.0;2.7143297597452327
частичное;1;519;0.0;2.7151673578484576
воспроизведение;1;520;0.0;2.716003343634799
повторение;1;521;0.0;2.716837723299524
классических;1;522;0.0;2.717670503002262
работ;1;523;0.0;2.718501688867274
следует;1;524;0.0;2.7193312869837265
заметить;1;525;0.0;2.7201593034059566
принципами;1;526;0.0;2.720985744153739
разместили;1;527;0.0;2.7218106152125463
отобранных;1;528;0.0;2.722633922533812
анализа;1;529;0.0;2.7234556720351857
публикациях;1;530;0.0;2.7242758696007887
репозитории;1;531;0.0;2.725094521081469
важность;1;532;0.0;2.725911632295048
концепции;1;533;0.0;2.726727209026572
широкого;1;534;0.0;2.727541257028556
несмотря;1;535;0.0;2.728353782021228
эффективность;1;536;0.0;2.7291647896927698
мета;1;537;0.0;2.7299742856995555
болтоном;1;538;0.0;2.730782275666389
коббом;1;539;0.0;2.7315887651867388
давно;1;540;0.0;2.7323937598229686
предсказанную;1;541;0.0;2.733197265106569
революцию;1;542;0.0;2.7339992865383866
методах;1;543;0.0;2.7347998295888467
сих;1;544;0.0;2.7355988996981795
пор;1;545;0.0;2.736396502276642
произошло;1;546;0.0;2.737192642704737
чамбес;1;547;0.0;2.7379873263334304
обратила;1;548;0.0;2.738780558484369
необходимость;1;549;0.0;2.7395723444500915
преодоления;1;550;0.0;2.740362689494243
разрыва;1;551;0.0;2.741151598851785
исследованиями;1;552;0.0;2.7419390777291985
методикой;1;553;0.0;2.742725131304698
называют;1;554;0.0;2.7435097647284294
причины;1;555;0.0;2.744292983122676
сложившейся;1;556;0.0;2.745074791582057
ситуации;1;557;0.0;2.745855195173729
наша;1;558;0.0;2.746634198937578
попытка;1;559;0.0;2.747411807886423
проанализировать;1;560;0.0;2.7481880270062002
привела;1;561;0.0;2.748962861256161
списку;1;562;0.0;2.7497363155690606
причин;1;563;0.0;2.7505083948513462
остановимся;1;564;0.0;2.751279103983342
трех;1;565;0.0;2.7520484478194382
проблемах;1;566;0.0;2.7528164311882715
недоступность;1;567;0.0;2.753583058892906
лингводидактике;1;568;0.0;2.754348335711019
общедоступных;1;569;0.0;2.755112266395071
непосредственного;1;570;0.0;2.7558748556724915
учебном;1;571;0.0;2.7566361082458477
процессе;1;572;0.0;2.757396028793024
препятствий;1;573;0.0;2.75815462196739
распространению;1;574;0.0;2.7589118923979736
выполнены;1;575;0.0;2.75966784468963
составленных;1;576;0.0;2.760422483423212
недоступных;1;577;0.0;2.7611758131557314
научной;1;578;0.0;2.761927838420529
общественности;1;579;0.0;2.762678563727436
достаточно;1;580;0.0;2.763427993562937
большое;1;581;0.0;2.76417613239033
количество;1;582;0.0;2.7649229846498886
первую;1;583;0.0;2.7656685547590136
очередь;1;584;0.0;2.766412847112399
национальные;1;585;0.0;2.7671558660821804
представительный;1;586;0.0;2.7678976160180904
указанием;1;587;0.0;2.7686381012476144
обращения;1;588;0.0;2.769377326076138
требуется;1;589;0.0;2.7701152947871015
регистрация;1;590;0.0;2.770852011642144
скачивания;1;591;0.0;2.771587480881255
доступного;1;592;0.0;2.7723217067229196
банка;1;593;0.0;2.7730546933642626
мог;1;594;0.0;2.7737864449811935
многочисленные;1;595;0.0;2.7745169657285493
опубликованы;1;596;0.0;2.775246259740236
обычному;1;597;0.0;2.775974331129369
преподавателю;1;598;0.0;2.7767011839884104
вуза;1;599;0.0;2.777426822389311
говоря;1;600;0.0;2.7781512503836434
учителях;1;601;0.0;2.778874472002739
затруднен;1;602;0.0;2.7795964912578244
каталогизированы;1;603;0.0;2.780317312140151
описаны;1;604;0.0;2.7810369386211318
точки;1;605;0.0;2.7817553746524686
зрения;1;606;0.0;2.782472624166286
имеющихся;1;607;0.0;2.7831886910752575
примера;1;608;0.0;2.7839035792727347
сослаться;1;609;0.0;2.784617292632875
недавние;1;610;0.0;2.7853298350107667
изданные;1;611;0.0;2.786041210242554
немногочисленные;1;612;0.0;2.786751422145561
поисковыми;1;613;0.0;2.787460474518415
относятся;1;614;0.0;2.7881683711411673
ресурсам;1;615;0.0;2.7888751157754164
меняют;1;616;0.0;2.789580712164425
адрес;1;617;0.0;2.7902851640332416
магистерская;1;618;0.0;2.7909884750888154
диссертация;1;619;0.0;2.7916906490201177
шоу;1;620;0.0;2.792391689498254
находилась;1;621;0.0;2.79309160017658
вплоть;1;622;0.0;2.7937903846908183
весны;1;623;0.0;2.7944880466591693
переместилась;1;624;0.0;2.7951845896824237
архив;1;625;0.0;2.795880017344075
бригама;1;626;0.0;2.796574333210429
янга;1;627;0.0;2.7972675408307164
вынужден;1;628;0.0;2.7979596437371956
метаться;1;629;0.0;2.7986506454452686
разными;1;630;0.0;2.7993405494535817
источниками;1;631;0.0;2.800029359244134
упражнениями;1;632;0.0;2.8007170782823847
содержат;1;633;0.0;2.8014037100173548
инструкций;1;634;0.0;2.8020892578817325
системы;1;635;0.0;2.8027737252919755
привязанных;1;636;0.0;2.803457115648414
серьезна;1;637;0.0;2.80413943233535
простых;1;638;0.0;2.804820678721162
путей;1;639;0.0;2.8055008581584
кажется;1;640;0.0;2.8061799739838866
существует;1;641;0.0;2.8068580295188172
нашем;1;642;0.0;2.807535028068853
исследовании;1;643;0.0;2.8082109729242215
имевшем;1;644;0.0;2.808885867359812
оценить;1;645;0.0;2.8095597146352675
влияние;1;646;0.0;2.810232517995084
россии;1;647;0.0;2.8109042806687
пришли;1;648;0.0;2.811575005870593
выводу;1;649;0.0;2.812244696800369
современном;1;650;0.0;2.8129133566428552
этапе;1;651;0.0;2.8135809885681917
требованиями;1;652;0.0;2.81424759573192
фгос;1;653;0.0;2.814913181275074
филологических;1;654;0.0;2.815577748324267
специальностей;1;655;0.0;2.8162412999917827
получают;1;656;0.0;2.81690383937566
наукометрических;1;657;0.0;2.81756536955978
базах;1;658;0.0;2.8182258936139553
разного;1;659;0.0;2.8188854145940097
ранга;1;660;0.0;2.8195439355418683
остается;1;661;0.0;2.8202014594856397
насколько;1;662;0.0;2.8208579894396997
готовы;1;663;0.0;2.8215135284047728
регулярно;1;664;0.0;2.822168079368017
практической;1;665;0.0;2.8228216453031045
окончания;1;666;0.0;2.823474229170301
считает;1;667;0.0;2.8241258339165487
элективного;1;668;0.0;2.8247764624755454
односеместрового;1;669;0.0;2.825426117767823
недостаточно;1;670;0.0;2.826074802700826
будущие;1;671;0.0;2.826722520168992
могли;1;672;0.0;2.827369273053825
успешно;1;673;0.0;2.8280150642239765
интегрировать;1;674;0.0;2.8286598965353194
собственную;1;675;0.0;2.829303772831025
исследователь;1;676;0.0;2.829946695941636
предполагает;1;677;0.0;2.8305886686851442
ситуация;1;678;0.0;2.831229693867063
улучшится;1;679;0.0;2.8318697742805017
будут;1;680;0.0;2.8325089127062357
изучать;1;681;0.0;2.8331471119127847
возможности;1;682;0.0;2.833784374656479
наряду;1;683;0.0;2.8344207036815323
курсе;1;684;0.0;2.8350561017201157
методики;1;685;0.0;2.8356905714924254
теоретических;1;686;0.0;2.836324115706751
практических;1;687;0.0;2.83695673705955
лингвистических;1;688;0.0;2.8375884382355108
дисциплин;1;689;0.0;2.8382192219076257
мотивированных;1;690;0.0;2.8388490907372548
действующих;1;691;0.0;2.839478047374198
следующем;1;692;0.0;2.8401060944567575
ведущими;1;693;0.0;2.8407332346118066
центрами;1;694;0.0;2.841359470454855
начнем;1;695;0.0;2.8419848045901137
обзора;1;696;0.0;2.842609239610562
видеоресурсов;1;697;0.0;2.843232778098009
запросу;1;698;0.0;2.843855422623161
выдает;1;699;0.0;2.844477175745681
ссылок;1;700;0.0;2.8450980400142565
целые;1;701;0.0;2.8457180179666586
последовательно;1;702;0.0;2.8463371121298047
объясняются;1;703;0.0;2.846955325019824
этой;1;704;0.0;2.847572659142112
дисциплины;1;705;0.0;2.8481891169913984
яссин;1;706;0.0;2.8488047010518036
иабдунан;1;707;0.0;2.849419413796899
года;1;708;0.0;2.850033257689769
выложила;1;709;0.0;2.850646235183066
популярными;1;710;0.0;2.851258348719075
набравшими;1;711;0.0;2.851869600729766
год;1;712;0.0;2.852479993636856
просмотров;1;713;0.0;2.8530895298518653
освоению;1;714;0.0;2.853698211776174
разработчики;1;715;0.0;2.85430604180108
крупных;1;716;0.0;2.8549130223078554
свои;1;717;0.0;2.8555191556677997
каналы;1;718;0.0;2.8561244442423
ролика;1;719;0.0;2.8567288903828825
продолжительность;1;720;0.0;2.857332496431268
обучающих;1;721;0.0;2.857935264719429
объясняющих;1;722;0.0;2.8585371975696385
широкоизвестного;1;723;0.0;2.8591382972945305
разработал;1;724;0.0;2.8597385661971466
длительность;1;725;0.0;2.8603380065709936
призывает;1;726;0.0;2.8609366207000932
активно;1;727;0.0;2.8615344108590377
создавать;1;728;0.0;2.8621313793130367
делясь;1;729;0.0;2.8627275283179743
собственным;1;730;0.0;2.8633228601204554
опытом;1;731;0.0;2.86391737695786
скрытыми;1;732;0.0;2.8645110810583914
хитростями;1;733;0.0;2.8651039746411278
менеджеров;1;734;0.0;2.86569605991607
такие;1;735;0.0;2.8662873390841948
практически;1;736;0.0;2.866877814337499
отсутствуют;1;737;0.0;2.867467487859051
массовые;1;738;0.0;2.8680563618230415
массовом;1;739;0.0;2.8686444383948255
сознании;1;740;0.0;2.869231719730976
сравнения;1;741;0.0;2.869818207979328
позволил;1;742;0.0;2.870403905279027
выявить;1;743;0.0;2.870988813760575
важные;1;744;0.0;2.871572935545878
отличия;1;745;0.0;2.8721562727482928
этими;1;746;0.0;2.872738827472668
менее;1;747;0.0;2.8733206018153985
доступность;1;748;0.0;2.873901597864461
ценным;1;749;0.0;2.874481817699466
ресурсом;1;750;0.0;2.8750612633916997
популярные;1;751;0.0;2.875639937004168
размещенный;1;752;0.0;2.876217840591642
введением;1;753;0.0;2.8767949762007
затрагивает;1;754;0.0;2.877371345869774
вопросы;1;755;0.0;2.877946951629188
знакомит;1;756;0.0;2.8785217955012063
крупными;1;757;0.0;2.8790958795000723
новым;1;758;0.0;2.8796692056320534
корпусным;1;759;0.0;2.88024177589548
менеджером;1;760;0.0;2.8808135922807914
разработанным;1;761;0.0;2.8813846567705728
брезиной;1;762;0.0;2.8819549713396
корпусную;1;763;0.0;2.8825245379548803
лингвистику;1;764;0.0;2.8830933585756897
представленный;1;765;0.0;2.883661435153617
левинзон;1;766;0.0;2.8842287696326037
национальной;1;767;0.0;2.8847953639489807
дает;1;768;0.0;2.8853612200315117
представление;1;769;0.0;2.885926339801431
практическом;1;770;0.0;2.8864907251724814
применении;1;771;0.0;2.8870543780509568
достижений;1;772;0.0;2.887617300335736
современной;1;773;0.0;2.888179493918325
учит;1;774;0.0;2.888740960682892
пользоваться;1;775;0.0;2.88930170250631
существующими;1;776;0.0;2.889861721258188
позволяет;1;777;0.0;2.890421018800914
методы;1;778;0.0;2.8909795969896885
относится;1;779;0.0;2.8915374576725643
маленький;1;780;0.0;2.8920946026904804
частный;1;781;0.0;2.8926510338773
разработан;1;782;0.0;2.893206753059848
кроссвейтом;1;783;0.0;2.893761762057943
академического;1;784;0.0;2.894316062684438
письма;1;785;0.0;2.8948696567452523
прямым;1;786;0.0;2.895422546039408
обращением;1;787;0.0;2.8959747323590643
группу;1;788;0.0;2.896526217489555
включить;1;789;0.0;2.8970770032094197
варшавского;1;790;0.0;2.8976270912904414
знакомство;1;791;0.0;2.8981764834976764
участников;1;792;0.0;2.8987251815894934
концепциями;1;793;0.0;2.899273187317603
корпус;1;794;0.0;2.899820502427096
применение;1;795;0.0;2.90036712865647
иностранным;1;796;0.0;2.900913067737669
родному;1;797;0.0;2.9014583213961123
языку;1;798;0.0;2.902002891350729
навыка;1;799;0.0;2.902546779313991
подхода;1;800;0.0;2.9030899869919433
общедоступные;1;801;0.0;2.9036325160842376
корпусные;1;802;0.0;2.9041743682841634
инструменты;1;803;0.0;2.904715545278681
честь;1;804;0.0;2.905256048748451
летия;1;805;0.0;2.9057958803678683
основания;1;806;0.0;2.9063350418050904
магистерской;1;807;0.0;2.90687353472207
сан;1;808;0.0;2.9074113607745855
паолу;1;809;0.0;2.907948521612272
бразилия;1;810;0.0;2.9084850188786495
руководители;1;811;0.0;2.909020854211156
организовали;1;812;0.0;2.909556029241175
серию;1;813;0.0;2.9100905455940675
пригласив;1;814;0.0;2.9106244048892007
участия;1;815;0.0;2.9111576087399764
всемирно;1;816;0.0;2.911690158753861
ученых;1;817;0.0;2.9122220565324155
байбера;1;818;0.0;2.9127533036713227
скотта;1;819;0.0;2.913283901760418
ю;1;820;0.0;2.9138138523837163
ромер;1;821;0.0;2.9143431571194403
дэвис;1;822;0.0;2.91487181754005
реппен;1;823;0.0;2.9153998352122694
еженедельно;1;824;0.0;2.9159272116971158
апреля;1;825;0.0;2.9164539485499246
сентябрь;1;826;0.0;2.916980047320382
недели;1;827;0.0;2.917505509552546
интенсива;1;828;0.0;2.91803033678488
августе;1;829;0.0;2.9185545305502734
сентября;1;830;0.0;2.9190780923760733
проводилось;1;831;0.0;2.919601023784111
мастер;1;832;0.0;2.9201233262907236
программных;1;833;0.0;2.9206450014067875
продуктов;1;834;0.0;2.9211660506377384
версий;1;835;0.0;2.9216864754836016
программ;1;836;0.0;2.9222062774390163
скотт;1;837;0.0;2.9227254579932596
представил;1;838;0.0;2.923244018630276
последнюю;1;839;0.0;2.9237619608287
версию;1;840;0.0;2.9242792860618816
момент;1;841;0.0;2.924795995797912
была;1;842;0.0;2.925312091499649
странице;1;843;0.0;2.925827574624742
кафедры;1;844;0.0;2.926342446625655
осенью;1;845;0.0;2.926856708949692
инициативу;1;846;0.0;2.927370363039023
продолжили;1;847;0.0;2.9278834103307068
культур;1;848;0.0;2.9283958522567137
австралия;1;849;0.0;2.9289076902439524
октября;1;850;0.0;2.929418925714293
апрель;1;851;0.0;2.9299295600845876
состоялся;1;852;0.0;2.9304395947666997
вебинар;1;853;0.0;2.930949031167523
докладчиками;1;854;0.0;2.931457870689005
были;1;855;0.0;2.9319661147281724
крупные;1;856;0.0;2.932473764677153
программного;1;857;0.0;2.932980821923198
обеспечения;1;858;0.0;2.9334872878487053
франкенберг;1;859;0.0;2.933993163831242
гарсия;1;860;0.0;2.9344984512435675
кроссвейт;1;861;0.0;2.9350031514536545
последний;1;862;0.0;2.9355072658247123
познакомил;1;863;0.0;2.9360107957152093
новой;1;864;0.0;2.9365137424788927
своего;1;865;0.0;2.937016107464814
функционал;1;866;0.0;2.9375178920173464
которого;1;867;0.0;2.93801909747621
расширен;1;868;0.0;2.9385197251764916
сравнению;1;869;0.0;2.9390197764486663
кроссвейта;1;870;0.0;2.9395192526186182
ряде;1;871;0.0;2.940018155007663
международных;1;872;0.0;2.940516484932567
развернутое;1;873;0.0;2.9410142437055695
анонсы;1;874;0.0;2.9415114326344027
предстоящих;1;875;0.0;2.9420080530223127
публикуются;1;876;0.0;2.9425041061680806
социальных;1;877;0.0;2.9429995933660402
сетях;1;878;0.0;2.9434945159061026
фейсбуке;1;879;0.0;2.9439888750737717
посвящены;1;880;0.0;2.9444826721501682
лекции;1;881;0.0;2.9449759084120477
плунгяна;1;882;0.0;2.9454685851318194
добровольского;1;883;0.0;2.945960703577568
постнауке;1;884;0.0;2.9464522650130727
бузаджи;1;885;0.0;2.946943270697825
захарова;1;886;0.0;2.9474337218870503
некоторых;1;887;0.0;2.947923619831726
исследователей;1;888;0.0;2.948412965778601
видеозаписи;1;889;0.0;2.9489017609702133
заседаний;1;890;0.0;2.9493900066449124
лингвистика;1;891;0.0;2.9498777040368744
проходила;1;892;0.0;2.9503648543761227
дистанционном;1;893;0.0;2.950851458888546
режиме;1;894;0.0;2.951337518795917
математической;1;895;0.0;2.9518230353159116
спбгу;1;896;0.0;2.952308009662125
обновленная;1;897;0.0;2.9527924430440917
мае;1;898;0.0;2.953276336667304
версия;1;899;0.0;2.9537596917332283
расширенный;1;900;0.0;2.9542425094393248
образовательный;1;901;0.0;2.9547247909790624
портал;1;902;0.0;2.9552065375419416
готовых;1;903;0.0;2.9556877503135057
предложение;1;904;0.0;2.956168430475363
эффективности;1;905;0.0;2.956648579205203
конкретным;1;906;0.0;2.957128197676813
корпусам;1;907;0.0;2.9576072870600947
взгляд;1;908;0.0;2.958085848521085
показаться;1;909;0.0;2.958563883221967
неактуальна;1;910;0.0;2.9590413923210934
снабжены;1;911;0.0;2.959518376972998
внушительного;1;912;0.0;2.9599948383284156
объема;1;913;0.0;2.9604707775342987
никря;1;914;0.0;2.9609461957338308
дополнительными;1;915;0.0;2.961421094066448
дополнительным;1;916;0.0;2.96189547366785
просмотра;1;917;0.0;2.962369335670021
указывает;1;918;0.0;2.9628426812012423
руководства;1;919;0.0;2.963315511386111
далеки;1;920;0.0;2.963787827345555
знакомых;1;921;0.0;2.9642596301968487
учителю;1;922;0.0;2.9647309210536292
базироваться;1;923;0.0;2.9652017010259115
педагогических;1;924;0.0;2.9656719712201065
принципах;1;925;0.0;2.966141732739032
подразумевающих;1;926;0.0;2.966610986681934
сопровождение;1;927;0.0;2.9670797341444968
вовлечение;1;928;0.0;2.967547976218862
простого;1;929;0.0;2.9680157139936414
сложному;1;930;0.0;2.968482948553935
большей;1;931;0.0;2.9689496809813423
заданиям;1;932;0.0;2.969415912353981
выполняемым;1;933;0.0;2.9698816437464997
своих;1;934;0.0;2.970346876230093
описывает;1;935;0.0;2.9708116108725178
обращений;1;936;0.0;2.9712758487381046
немецкого;1;937;0.0;2.9717395908877777
владения;1;938;0.0;2.972202838379064
немецким;1;939;0.0;2.9726655922661105
языком;1;940;0.0;2.9731278535996983
начинающих;1;941;0.0;2.9735896234272565
продвинутых;1;942;0.0;2.974050902792877
предполагающих;1;943;0.0;2.974511692737328
разный;1;944;0.0;2.9749719942980684
индивидуальную;1;945;0.0;2.9754318085092626
парах;1;946;0.0;2.9758911364017924
малых;1;947;0.0;2.976349979003273
преподавателем;1;948;0.0;2.9768083373380656
основным;1;949;0.0;2.9772662124272924
фокусом;1;950;0.0;2.9777236052888476
включать;1;951;0.0;2.978180516937414
освоение;1;952;0.0;2.978636948384474
лексико;1;953;0.0;2.9790929006383258
грамматических;1;954;0.0;2.979548374704095
помощью;1;955;0.0;2.980003371583746
верификация;1;956;0.0;2.9804578922760996
словосочетаний;1;957;0.0;2.980911937776843
примерами;1;958;0.0;2.981365509078544
приведенные;1;959;0.0;2.9818186071706636
соответствуют;1;960;0.0;2.982271233039568
базовый;1;961;0.0;2.9827233876685453
поиск;1;962;0.0;2.9831750720378127
временная;1;963;0.0;2.9836262871245345
ось;1;964;0.0;2.9840770339028304
визуализация;1;965;0.0;2.984527313343792
коллокаций;1;966;0.0;2.984977126415493
облако;1;967;0.0;2.985426474083001
другим;1;968;0.0;2.985875357308393
блестящим;1;969;0.0;2.986323777050765
проект;1;970;0.0;2.9867717342662448
создаваемый;1;971;0.0;2.9872192299080047
привязаны;1;972;0.0;2.987666264926274
большим;1;973;0.0;2.9881128402683514
выборкам;1;974;0.0;2.9885589568786153
устной;1;975;0.0;2.9890046156985366
представляющих;1;976;0.0;2.9894498176666913
неформальные;1;977;0.0;2.9898945637187726
британского;1;978;0.0;2.9903388547876015
варианта;1;979;0.0;2.9907826918031377
готовящихся;1;980;0.0;2.9912260756924947
сдать;1;981;0.0;2.9916690073799486
итоговый;1;982;0.0;2.9921114877869495
экзамен;1;983;0.0;2.9925535178321354
курсу;1;984;0.0;2.9929950984313414
выборки;1;985;0.0;2.9934362304976116
выпускников;1;986;0.0;2.993876914941211
английских;1;987;0.0;2.9943171526696366
школ;1;988;0.0;2.994756944587628
следующим;1;989;0.0;2.9951962915971793
реальные;1;990;0.0;2.9956351945975497
современного;1;991;0.0;2.9960736544852753
отраженные;1;992;0.0;2.996511672154178
английской;1;993;0.0;2.996949248495381
изменение;1;994;0.0;2.997386384397313
местоимения;1;995;0.0;2.997823080745725
выражения;1;996;0.0;2.9982593384236984
лице;1;997;0.0;2.9986951583116555
включают;1;998;0.0;2.999130541287371
раздаточные;1;999;0.0;2.9995654882259823
упражнения;1;1000;0.0;2.9999999999999996
чтение;1;1001;0.0;3.0004340774793183
абзаца;1;1002;0.0;3.0008677215312267
иллюстрирующего;1;1003;0.0;3.001300933020418
конкордансных;1;1004;0.0;3.001733712809
трансформация;1;1005;0.0;3.0021660617565074
обсуждение;1;1006;0.0;3.0025979807199086
предлагаемых;1;1007;0.0;3.003029470553618
обязательным;1;1008;0.0;3.0034605321095063
изучаемого;1;1009;0.0;3.00389116623691
грамматического;1;1010;0.0;3.004321373782642
ед;1;1011;0.0;3.0047511555910007
паролю;1;1012;0.0;3.00518051250378
файл;1;1013;0.0;3.00560944536028
ответами;1;1014;0.0;3.006037954997317
комментариями;1;1015;0.0;3.0064660422492313
мультимедийный;1;1016;0.0;3.0068937079479
создан;1;1017;0.0;3.0073209529227443
технологий;1;1018;0.0;3.0077477780007396
млн;1;1019;0.0;3.008174184006426
аудиозаписей;1;1020;0.0;3.008600171761917
аудирования;1;1021;0.0;3.00902574208691
говорения;1;1022;0.0;3.0094508957986936
каждую;1;1023;0.0;3.0098756337121597
неделю;1;1024;0.0;3.0102999566398116
добавляется;1;1025;0.0;3.010723865391773
контент;1;1026;0.0;3.011147360775797
отдельных;1;1027;0.0;3.011570443597278
указанным;1;1028;0.0;3.0119931146592567
категориях;1;1029;0.0;3.0124153747624325
видеофрагмент;1;1030;0.0;3.012837224705172
длится;1;1031;0.0;3.0132586652835163
минуты;1;1032;0.0;3.013679697291192
показ;1;1033;0.0;3.0141003215196203
сопровождается;1;1034;0.0;3.0145205387579233
субтитрами;1;1035;0.0;3.014940349792936
остановить;1;1036;0.0;3.015359755409214
любом;1;1037;0.0;3.015778756389041
месте;1;1038;0.0;3.016197353512439
незнакомое;1;1039;0.0;3.016615547557177
слово;1;1040;0.0;3.0170333392987803
увидеть;1;1041;0.0;3.017450729510536
всплывающем;1;1042;0.0;3.0178677189635055
окне;1;1043;0.0;3.0182843084265305
затем;1;1044;0.0;3.018700498666243
вернуться;1;1045;0.0;3.0191162904470725
просмотру;1;1046;0.0;3.0195316845312554
пользователю;1;1047;0.0;3.0199466816788423
предлагают;1;1048;0.0;3.0203612826477073
посмотреть;1;1049;0.0;3.0207754881935576
тематически;1;1050;0.0;3.021189299069938
выбранного;1;1051;0.0;3.021602716028242
уровня;1;1052;0.0;3.02201573981772
подбираются;1;1053;0.0;3.022428371185486
системой;1;1054;0.0;3.0228406108765276
интегрирована;1;1055;0.0;3.0232524596337114
передовая;1;1056;0.0;3.0236639181977933
технология;1;1057;0.0;3.024074987307426
сравнивает;1;1058;0.0;3.0244856676991665
произнесенный;1;1059;0.0;3.024895960107485
фрагмент;1;1060;0.0;3.02530586526477
спектрограммой;1;1061;0.0;3.0257153839013404
оценивая;1;1062;0.0;3.02612451674545
близость;1;1063;0.0;3.0265332645232963
процентах;1;1064;0.0;3.026941627959029
учащийся;1;1065;0.0;3.027349607774756
неоднократно;1;1066;0.0;3.027757204690553
повторять;1;1067;0.0;3.0281644194244697
пытаясь;1;1068;0.0;3.0285712526925375
приблизить;1;1069;0.0;3.028977705208778
произношение;1;1070;0.0;3.0293837776852093
бесплатной;1;1071;0.0;3.0297894708318553
такая;1;1072;0.0;3.030194785356751
представляется;1;1073;0.0;3.0305997219659506
месяц;1;1074;0.0;3.0310042813635367
другая;1;1075;0.0;3.0314084642516237
платной;1;1076;0.0;3.03181227133037
касается;1;1077;0.0;3.0322157032979815
тестирования;1;1078;0.0;3.0326187608507196
незнакомой;1;1079;0.0;3.0330214446829102
статьи;1;1080;0.0;3.0334237554869494
отметить;1;1081;0.0;3.03382569395331
каждого;1;1082;0.0;3.03422726077055
имеется;1;1083;0.0;3.03462845662532
интерактивный;1;1084;0.0;3.035029282202368
состоит;1;1085;0.0;3.0354297381845483
пропусками;1;1086;0.0;3.035829825252828
нескольких;1;1087;0.0;3.0362295440862943
заполнить;1;1088;0.0;3.0366288953621607
памяти;1;1089;0.0;3.0370278797557746
пользуясь;1;1090;0.0;3.0374264979406234
контекстом;1;1091;0.0;3.0378247505883413
подсказку;1;1092;0.0;3.038222638368718
определения;1;1093;0.0;3.038620161949703
словаря;1;1094;0.0;3.0390173219974117
впечатанного;1;1095;0.0;3.039414119176137
пробел;1;1096;0.0;3.0398105541483504
пропущенное;1;1097;0.0;3.040206627574711
кликнув;1;1098;0.0;3.0406023401140727
пробелу;1;1099;0.0;3.04099769242349
правильный;1;1100;0.0;3.0413926851582245
ответ;1;1101;0.0;3.0417873189717515
выбрать;1;1102;0.0;3.0421815945157658
практики;1;1103;0.0;3.0425755124401905
составить;1;1104;0.0;3.04296907339318
собственные;1;1105;0.0;3.043362278021129
словами;1;1106;0.0;3.043755126968679
тренировались;1;1107;0.0;3.044147620878723
предпочтительными;1;1108;0.0;3.0445397603924107
приводятся;1;1109;0.0;3.0449315461491597
возможных;1;1110;0.0;3.045322978786657
ответов;1;1111;0.0;3.0457140589408676
активации;1;1112;0.0;3.0461047872460383
умолчанию;1;1113;0.0;3.0464951643347082
деактивирована;1;1114;0.0;3.04688519083771
понимание;1;1115;0.0;3.0472748673841794
выбора;1;1116;0.0;3.0476641946015595
ответы;1;1117;0.0;3.048053173115609
даны;1;1118;0.0;3.0484418035504044
предлагает;1;1119;0.0;3.0488300865283495
обсуждения;1;1120;0.0;3.049218022670181
просит;1;1121;0.0;3.049605612594973
кратко;1;1122;0.0;3.049992856920142
сформулировать;1;1123;0.0;3.0503797562614574
основную;1;1124;0.0;3.050766311233042
идею;1;1125;0.0;3.051152522447381
побуждают;1;1126;0.0;3.051538390515327
высказать;1;1127;0.0;3.0519239160461065
собственное;1;1128;0.0;3.0523090996473234
мнение;1;1129;0.0;3.0526939419249675
информации;1;1130;0.0;3.053078443483419
одной;1;1131;0.0;3.053462604925455
успешной;1;1132;0.0;3.0538464268522523
практикой;1;1133;0.0;3.054229909863397
интегрированию;1;1134;0.0;3.0546130545568873
платформа;1;1135;0.0;3.0549958615291413
созданная;1;1136;0.0;3.055378331375
современных;1;1137;0.0;3.0557604646877348
гонконга;1;1138;0.0;3.056142262059052
видеоролики;1;1139;0.0;3.0565237240791
произношения;1;1140;0.0;3.0569048513364723
параллельным;1;1141;0.0;3.0572856444182146
помещены;1;1142;0.0;3.057666103909829
детально;1;1143;0.0;3.058046230395281
лексике;1;1144;0.0;3.058426024457005
грамматике;1;1145;0.0;3.0588054866759067
произношению;1;1146;0.0;3.059184617631371
параллельного;1;1147;0.0;3.0595634179012676
англо;1;1148;0.0;3.0599418880619544
китайского;1;1149;0.0;3.060320028688285
подкатегории;1;1150;0.0;3.0606978403536114
указывающие;1;1151;0.0;3.0610753236297916
категорию;1;1152;0.0;3.061452479087193
младшие;1;1153;0.0;3.0618293072946985
школьники;1;1154;0.0;3.0622058088197126
средних;1;1155;0.0;3.0625819842281627
вузов;1;1156;0.0;3.0629578340845103
синонимов;1;1157;0.0;3.0633333589517493
уменьшить;1;1158;0.0;3.063708559391417
употребление;1;1159;0.0;3.0640834359635956
избыточно;1;1160;0.0;3.064457989226918
используемой;1;1161;0.0;3.0648322197385736
дэвиса;1;1162;0.0;3.0652061280543115
занимает;1;1163;0.0;3.065579714728448
страницы;1;1164;0.0;3.0659529803138694
фол;1;1165;0.0;3.066325925362037
вместе;1;1166;0.0;3.066698550422995
своими;1;1167;0.0;3.06707085604537
магистрантами;1;1168;0.0;3.0674428427763805
будущими;1;1169;0.0;3.06781451116184
преподавателями;1;1170;0.0;3.0681858617461617
иностранного;1;1171;0.0;3.068556895072363
разработала;1;1172;0.0;3.0689276116820716
изучаемым;1;1173;0.0;3.0692980121155293
темам;1;1174;0.0;3.0696680969115957
разместила;1;1175;0.0;3.070037866607755
создавался;1;1176;0.0;3.0704073217401193
семестров;1;1177;0.0;3.070776462843434
начале;1;1178;0.0;3.0711452904510823
студентам;1;1179;0.0;3.0715138050950888
удалось;1;1180;0.0;3.071882007306125
избежать;1;1181;0.0;3.0722498976135144
типичной;1;1182;0.0;3.0726174765452363
ошибки;1;1183;0.0;3.0729847446279304
разработанные;1;1184;0.0;3.073351702386901
представляли;1;1185;0.0;3.0737183503461223
четкие;1;1186;0.0;3.074084689028244
поиску;1;1187;0.0;3.074450718954591
обоснованные;1;1188;0.0;3.074816440645175
планы;1;1189;0.0;3.075181854618691
классе;1;1190;0.0;3.07554696139253
проблему;1;1191;0.0;3.075911761482777
решали;1;1192;0.0;3.0762762554042173
ходу;1;1193;0.0;3.0766404436703416
части;1;1194;0.0;3.0770043267933502
начальной;1;1195;0.0;3.077367905284156
специальных;1;1196;0.0;3.0777311796523916
профессионально;1;1197;0.0;3.07809415040641
ориентированного;1;1198;0.0;3.0784568180532923
каждая;1;1199;0.0;3.0788191830988483
глава;1;1200;0.0;3.0791812460476247
подробную;1;1201;0.0;3.0795430074029055
инструкцию;1;1202;0.0;3.0799044676667204
конкретном;1;1203;0.0;3.0802656273398443
идеи;1;1204;0.0;3.080626486921805
последующего;1;1205;0.0;3.0809870469108867
выявленные;1;1206;0.0;3.0813473078041325
трудности;1;1207;0.0;3.081707270097349
ограничения;1;1208;0.0;3.082066934285113
имеющие;1;1209;0.0;3.0824263008607717
подписки;1;1210;0.0;3.0827853703164494
пользователи;1;1211;0.0;3.083144143143052
платформы;1;1212;0.0;3.083502619830267
часто;1;1213;0.0;3.0838608008665727
сталкиваются;1;1214;0.0;3.0842186867392387
задержкой;1;1215;0.0;3.084576277934331
выполнении;1;1216;0.0;3.084933574936716
запроса;1;1217;0.0;3.0852905782300644
свидетельства;1;1218;0.0;3.0856472882968564
факт;1;1219;0.0;3.0860037056183813
демотивирующим;1;1220;0.0;3.086359830674748
неподготовленных;1;1221;0.0;3.086715663944882
такому;1;1222;0.0;3.0870712059065353
повороту;1;1223;0.0;3.087426457036285
сталкивались;1;1224;0.0;3.087781417809542
этим;1;1225;0.0;3.088136088700551
эффектом;1;1226;0.0;3.088490470182396
предложили;1;1227;0.0;3.088844562727004
способ;1;1228;0.0;3.0891983668051486
обойти;1;1229;0.0;3.0895518828864534
сократив;1;1230;0.0;3.0899051114393976
заложенное;1;1231;0.0;3.090258052931316
время;1;1232;0.0;3.0906107078284064
ожидания;1;1233;0.0;3.0909630765957314
созданы;1;1234;0.0;3.091315159697223
приведен;1;1235;0.0;3.0916669575956846
приложении;1;1236;0.0;3.0920184707527967
разработчиков;1;1237;0.0;3.09236969962912
должно;1;1238;0.0;3.092720644684099
способствовать;1;1239;0.0;3.0930713063760633
применению;1;1240;0.0;3.093421685162235
некоторым;1;1241;0.0;3.0937717814987296
аналогом;1;1242;0.0;3.0941215958405612
размещенные;1;1243;0.0;3.0944711286416444
результаты;1;1244;0.0;3.0948203803547996
своевольные;1;1245;0.0;3.0951693514317546
смыслы;1;1246;0.0;3.0955180423231505
направленного;1;1247;0.0;3.0958664534785423
изменений;1;1248;0.0;3.096214585346405
значении;1;1249;0.0;3.0965624383741353
употреблении;1;1250;0.0;3.096910013008056
лексем;1;1251;0.0;3.0972573096934197
протяжении;1;1252;0.0;3.0976043288744104
вв;1;1253;0.0;3.09795107099415
выполненный;1;1254;0.0;3.0982975364946976
добрушиной;1;1255;0.0;3.0986437258170567
даниель;1;1256;0.0;3.098989639401177
гг;1;1257;0.0;3.0993352776859573
представления;1;1258;0.0;3.0996806411092495
ближе;1;1259;0.0;3.100025730107862
формату;1;1260;0.0;3.1003705451175625
презентаций;1;1261;0.0;3.1007150865730817
докладов;1;1262;0.0;3.101059354908115
плану;1;1263;0.0;3.1014033505553305
детский;1;1264;0.0;3.101747073946366
раздел;1;1265;0.0;3.1020905255118367
путеводителем;1;1266;0.0;3.102433705681336
детей;1;1267;0.0;3.102776614883441
бесплатным;1;1268;0.0;3.1031192535457137
курсом;1;1269;0.0;3.1034616220947044
работать;1;1270;0.0;3.103803720955957
разнообразными;1;1271;0.0;3.104145550554008
игровых;1;1272;0.0;3.104487111312395
младших;1;1273;0.0;3.1048284036536553
серьезных;1;1274;0.0;3.105169427999331
олимпиадных;1;1275;0.0;3.1055101847699738
задач;1;1276;0.0;3.105850674385143
летних;1;1277;0.0;3.106190897263415
подростков;1;1278;0.0;3.106530853822381
серией;1;1279;0.0;3.106870544478654
игр;1;1280;0.0;3.107209969647868
информативным;1;1281;0.0;3.107549129744686
блогом;1;1282;0.0;3.1078880251827985
выводы;1;1283;0.0;3.1082266563749283
всемерно;1;1284;0.0;3.1085650237328344
поддерживаемый;1;1285;0.0;3.1089031276673134
помочь;1;1286;0.0;3.1092409685882028
внедрению;1;1287;0.0;3.1095785469043866
методов;1;1288;0.0;3.1099158630237933
повседневную;1;1289;0.0;3.1102529173534026
строгом;1;1290;0.0;3.110589710299249
смысле;1;1291;0.0;3.11092624226642
характеристиками;1;1292;0.0;3.111262513659065
описанными;1;1293;0.0;3.1115985248803937
литературе;1;1294;0.0;3.111934276332681
свободный;1;1295;0.0;3.11226976841727
ценными;1;1296;0.0;3.112605001534574
инструментами;1;1297;0.0;3.1129399760840797
повысить;1;1298;0.0;3.11327469246435
профессиональный;1;1299;0.0;3.1136091510730277
уровень;1;1300;0.0;3.1139433523068365
понять;1;1301;0.0;3.114277296561586
разрабатывать;1;1302;0.0;3.1146109842321725
вопросов;1;1303;0.0;3.1149444157125843
идей;1;1304;0.0;3.115277591395901
высказанных;1;1305;0.0;3.1156105116742996
предложений;1;1306;0.0;3.1159431769390546
привлекательная;1;1307;0.0;3.116275587580544
привязке;1;1308;0.0;3.1166077439882485
определенному;1;1309;0.0;3.1169396465507555
реализована;1;1310;0.0;3.117271295655764
рассмотренных;1;1311;0.0;3.117602691690084
языкового;1;1312;0.0;3.117933835039641
ресурсного;1;1313;0.0;3.118264726089479
центра;1;1314;0.0;3.1185953652237615
канзасского;1;1315;0.0;3.1189257528257763
устному;1;1316;0.0;3.1192558892779365
компоненту;1;1317;0.0;3.1195857749617835
планах;1;1318;0.0;3.119915410257991
каждому;1;1319;0.0;3.120244795546365
видеофрагменту;1;1320;0.0;3.1205739312058496
двух;1;1321;0.0;3.120902817614527
случаях;1;1322;0.0;3.121231455149621
содержатся;1;1323;0.0;3.1215598441875008
созданные;1;1324;0.0;3.121887985103681
задачи;1;1325;0.0;3.122215878272826
категорией;1;1326;0.0;3.122543524068754
том;1;1327;0.0;3.122870922864435
эффективнее;1;1328;0.0;3.1231980750319983
целесообразнее;1;1329;0.0;3.1235249809427317
страничный;1;1330;0.0;3.123851640967086
полноценного;1;1331;0.0;3.124178055474675
объемом;1;1332;0.0;3.1245042248342823
десятки;1;1333;0.0;3.1248301494138593
страниц;1;1334;0.0;3.12515582958053
недооценивается;1;1335;0.0;3.1254812657005937
основной;1;1336;0.0;3.1258064581395266
учебник;1;1337;0.0;3.126131407261984
источник;1;1338;0.0;3.1264561134318036
анализируют;1;1339;0.0;3.1267805770120085
используемые;1;1340;0.0;3.1271047983648073
ими;1;1341;0.0;3.1274287778515983
учебники;1;1342;0.0;3.1277525158329733
доказательно;1;1343;0.0;3.128076012668715
критикуют;1;1344;0.0;3.128399268717806
аутентичных;1;1345;0.0;3.1287222843384264
разговорных;1;1346;0.0;3.129045059887958
речевых;1;1347;0.0;3.1293675957229854
образцов;1;1348;0.0;3.1296898921993006
возможностей;1;1349;0.0;3.130011949671904
исследовательской;1;1350;0.0;3.130333768495006
самостоятельной;1;1351;0.0;3.1306553490220304
далее;1;1352;0.0;3.1309766916056168
указания;1;1353;0.0;3.1312977965976225
крайней;1;1354;0.0;3.131618664349125
мере;1;1355;0.0;3.131939295210424
явно;1;1356;0.0;3.132259689531044
каком;1;1357;0.0;3.132579847659737
каких;1;1358;0.0;3.1328997699444825
раскрываются;1;1359;0.0;3.133219456732494
учебнике;1;1360;0.0;3.133538908370217
разработка;1;1361;0.0;3.1338581252033344
изучения;1;1362;0.0;3.134177107576766
учебника;1;1363;0.0;3.1344958558346736
весьма;1;1364;0.0;3.13481437032046
эффективной;1;1365;0.0;3.1351326513767748
привести;1;1366;0.0;3.1354506993455136
ряду;1;1367;0.0;3.135768514567822
дополнения;1;1368;0.0;3.136086097384097
учебнику;1;1369;0.0;3.1364034481339895
модели;1;1370;0.0;3.1367205671564067
реализованной;1;1371;0.0;3.137037454789512
создателями;1;1372;0.0;3.1373541113707324
легко;1;1373;0.0;3.1376705372367546
интегрированы;1;1374;0.0;3.1379867327235313
пятиминуток;1;1375;0.0;3.138302698166281
прохождении;1;1376;0.0;3.138618433899492
самых;1;1377;0.0;3.138933940256923
обеспечивая;1;1378;0.0;3.139249217571607
самым;1;1379;0.0;3.1395642661758494
необходимую;1;1380;0.0;3.139879086401236
гибкость;1;1381;0.0;3.140193678578631
увеличивая;1;1382;0.0;3.1405080430381793
вероятность;1;1383;0.0;3.1408221801093106
знакомые;1;1384;0.0;3.141136090120739
начнут;1;1385;0.0;3.141449773400467
собственной;1;1386;0.0;3.141763230275788
наконец;1;1387;0.0;3.1420764610732843
совершенно;1;1388;0.0;3.142389466118836
очевидно;1;1389;0.0;3.1427022457376155
создание;1;1390;0.0;3.143014800254095
качественных;1;1391;0.0;3.143327129992046
трудоемкий;1;1392;0.0;3.1436392352745433
процесс;1;1393;0.0;3.1439511164239633
вовлечения;1;1394;0.0;3.1442627737619904
педагогов;1;1395;0.0;3.144574207609616
заслуживает;1;1396;0.0;3.144885418287142
всяческого;1;1397;0.0;3.1451964061141817
внимания;1;1398;0.0;3.1455071714096623
внедрения;1;1399;0.0;3.1458177144918276
заведениях;1;1400;0.0;3.1461280356782377
особенно;1;1401;0.0;3.146438135285774
российские;1;1402;0.0;3.1467480136306394
стандарты;1;1403;0.0;3.1470576710283598
уделяют;1;1404;0.0;3.147367107793786
первостепенное;1;1405;0.0;3.147676324241098
