информационного общества привело;0.5144
определенной категорией обучающихся;0.5122
речевых образцов возможностей;0.5079
образцов возможностей исследовательской;0.5073
немногочисленные пособия поисковыми;0.5021
воспроизведение повторение классических;0.5007
основе определенного учебника;0.4984
оор недооценивается основной;0.4941
частичное воспроизведение повторение;0.4932
созданных оор недооценивается;0.492
ланкастерском университете руководством;0.4906
развитие интернета информационного;0.4886
онлайн репозитории инструментов;0.4877
интернета информационного общества;0.4873
информационного общества;0.487
односеместрового специального курса;0.4852
возможностей исследовательской самостоятельной;0.4843
широкоизвестного корпусного менеджера;0.4838
начнем обзора видеоресурсов;0.4814
элективного односеместрового специального;0.4766
