корпусная лингвистика;25
ия;22
обучение;12
корпус;12
учебные материалы;8
корпусы;8
использование;8
задание;8
открытые образовательные ресурсы;7
открытый доступ;7
основа;7
область;7
корпусная лингводидактика;6
материалы;6
студенты;5
работа;5
продолжительность;5
проблема;5
н;5
курс;5
изучение;5
др;5
средняя школа;4
свободное доступ;4
использование корпусов;4
статья;4
статьи;4
соса;4
развитие;4
применение;4
преподаватель;4
подходы;4
курсы;4
инструкция;4
русский язык;3
план урока;3
открытое образование;3
открытая наука;3
конкретный корпус;3
использование подходов;3
запись вебинаров;3
английский язык;3
характеристики;3
фолл;3
употребление;3
создание;3
система;3
сайт;3
руководство;3
рекомендации;3
разработка;3
раздел;3
произношение;3
примеры;3
п;3
отсутствие;3
м;3
ленко-шиманска;3
кроссвейт;3
информация;3
задания;3
вяткина;3
вопрос;3
вебинары;3
введение;3
анализ;3
youtube;3
p;3
повседневная педагогическая практика преподавателей;2
собственное специальное корпус;2
русскоязычное сегмент интернета;2
недостаточная подготовка преподавателей;2
изучающие английский язык;2
словарный запас;2
серия вебинаров;2
разработка заданий;2
разработанные материалы;2
разные корпусы;2
программное обеспечение;2
презентация докладчиков;2
письменные навыки;2
национальное корпус;2
младшие школьники;2
ланкастерский университет;2
корпусные инструменты;2
контекст парадигмы;2
каждый видеофрагмент;2
иностранные языки;2
дальнейшее исследование;2
высочайшее образование;2
верные слово;2
будущие преподаватели;2
будапештская инициатива;2
апробация курса;2
spoken communication;2
corpus linguistics;2
3 лица;2
юнеско;2
элен;2
формат;2
учебники;2
уроки;2
тренд;2
течение;2
тема;2
список;2
соответствие;2
сложность;2
слова;2
скотт;2
сентябрь;2
самообразование;2
решение;2
расширение;2
рамки;2
публикация;2
пробел;2
преподаватели;2
преподавание;2
попытки;2
ответы;2
основы;2
ограничения;2
обсуждение;2
обзор;2
наука;2
мнение;2
мины;2
минуты;2
материал;2
макэнери;2
л;2
категории;2
канал;2
исследования;2
исследование;2
дэвис;2
грамматика;2
габласова;2
вяткин;2
вшэ;2
болтон;2
база;2
апрель;2
антони;2
авторы;2
dwds;2
2022г;2
2021г;2
2020г;2
please explain what this video is about in a few sentences;1
тема international perspectives on corpus technology for language learning;1
платформа the corpus-aided platform for language teachers;1
teaching english language with corpus linguistics;1
передовая технология записи речи intellispeechsm;1
основные функции программы antconc версии;1
один пример привязки планов уроков;1
ленко-шиманска corpora in language teaching;1
курс improving writing through corpora;1
эффективность привязки планов уроков/заданий;1
элективный односеместровый специальное курс;1
собственные опыт применения подходов;1
следующее рубрикам/категории language change;1
руководство ma qing angel;1
рубрики current english use;1
реализованная создатели english central;1
разные инструменты корпуса dwds;1
проект corpus for schools;1
представляющие неформальные беседа носителей;1
предполагающие разный формат работы;1
подробная инструкция поиска материалов;1
основа информации видео урока;1
новые лексико-грамматические характеристики слов;1
новые корпусный менеджер lancsbox;1
некоторые другие известные исследователи;1
многочисленные примеры использования корпусов;1
коллекция корпусов sketch engine;1
канал youtube lael webinars;1
знакомые учитель планов уроков;1
зарегистрированные наукометрические базы данных;1
другие блестящий пример создания;1
данный случай слова people;1
верификация примеров употребления слов/словосочетаний;1
аутентичные разговорные речевые образцы;1
архив университета бригама янга;1
авторитетные рецензируемые англоязычные журналы;1
the eurocall corpus sig;1
small private online course;1
60-е годы прошлого века;1
250 млн строк аудиозаписей;1
2-е страничный план мини-урока;1
языковой ресурсный центр;1
эффективность использования подходов;1
широкоизвестный корпусный менеджер;1
широкий распространение подходов;1
широкий применение подходов;1
широкий использование корпусов;1
широкий внедрение методов;1
честь 50-летия основания;1
целый ряд ссылок;1
цели усиления надёжности;1
учебные материалов/планы уроков;1
учащиеся средние классы;1
устный компонент bnc;1
устная речь bnc;1
указание режима обращения;1
тенденции развития исследований;1
тема использования подходов;1
такой поворот событий;1
страница кафедры lael;1
список характеристик понятия;1
спектрограмма речи диктора;1
современное английский язык;1
современная корпусная лингвистика;1
собственная педагогическая практика;1
соблюдение целостности работы;1
скрытые хитрости работы;1
серьёзные олимпиадные задачи;1
самое необходимая гибкость;1
сайт университета квинсленда;1
сайт english central;1
ряд планов мини-уроков;1
режим просмотра kwic;1
разработанные планы уроков;1
разработанные заданий/система упражнений;1
разные учебные заведения;1
разные уровень владения;1
разные изучаемый темы;1
раздел teaching activities;1
развёрнутое описание вебинаров;1
развитие практик использования;1
развитие навыков аудирования;1
развитие навыка создания;1
просмотр видео урока;1
проектная деятельность студентов;1
проведённый анализ сравнения;1
примеры заданий обращений;1
прикладная лингвистика университета;1
практический применение достижений;1
практические лингвистические дисциплины;1
последние 30 лет;1
последние 2 года;1
полное отсутствие исследований;1
подразумевающие введение материала;1
повышение квалификации/самообразования преподавателей;1
параллельное англо-китайский корпус;1
открытый корпус bawe;1
основная идея видеосюжета;1
освоение sketch engine;1
организованные ведущие центры;1
определённая педагогическая задача;1
одна успешная практика;1
обычный преподаватель вуза;1
обоснованные планы уроков;1
обзор исследований принципов;1
новые программные продукты;1
необходимость преодоления разрыва;1
немецкое язык dwds;1
небольшие учебные видеоролики;1
мультимедийный ресурс englishcentral;1
множественное число they;1
многочисленные документы оон;1
математическая лингвистика спбгу;1
курс методики обучения;1
культуры университета квинсленда;1
корпусный менеджер wordsmith;1
корпусный менеджер antconc;1
канзасский университет https://corpora.ku.edu;1
каждый видео урока;1
исследовательская самостоятельная работа;1
использование корпуса bnc;1
интерактивный план урока;1
иностранные языки iris;1
изучаемый грамматический явление;1
изданные немногочисленные пособия;1
идея вовлечения студентов;1
заложенное время ожидания;1
другие законные цели;1
доступное банк упражнений;1
два других случаях;1
видеозаписи заседаний конференции;1
база школы языков;1
англоязычные корпусы м;1
английские школы задания;1
language and region;1
language and gender;1
language and age;1
6 рассмотренных ресурсах;1
50 новых видео;1
3 других вопроса;1
2 недели интенсива;1
11 видео роликов;1
яссин иабдунан;1
электронные книги;1
широкое использование;1
чёткие инструкция;1
чтение абзаца;1
частичное воспроизведение;1
ценный ресурс;1
ценные инструменты;1
цель урока;1
цель курса;1
целый ряд;1
целые серия;1
цели исследования;1
функции местоимения;1
функции sentence;1
формат представления;1
формат ielts;1
филологические специальности;1
учебный процесс;1
университет квинсленда;1
университет гонконга;1
указанное уровень;1
тысяча организаций;1
трудоёмкий процесс;1
три проблемах;1
третьи лица;1
точка зрения;1
типичная ошибка;1
технические преграды;1
такие материалы;1
такие группы;1
такая возможность;1
существующие корпусы;1
строгое смысл;1
сторона преподавателя;1
старшие школьники;1
старшие классы;1
способы выражения;1
специальные цели;1
социальные сети;1
составление указателей;1
соответствующие стати;1
современный этап;1
современные языки;1
собственные предложения;1
собственное мнение;1
собственная практика;1
сложившаяся ситуация;1
следующий раздел;1
сии поры;1
серия игр;1
своевольные смыслы;1
свободный доступ;1
свободном/открытое доступ;1
самообразование преподавателей;1
сайт университета;1
сайт проекта;1
сайт bnclab;1
ряд вопросов;1
руководство пользователя;1
руководители программы;1
российские стандарты;1
родный язык;1
речь диктора;1
репозитории инструментов;1
результаты проекта;1
реальные явление;1
разный ранг;1
разные способы;1
разные причина;1
разные источники;1
разные исследователи;1
разнообразные задания;1
раздел сайта;1
раздаточные упражнение;1
развитие навыков;1
развитие интернета;1
прямой обращение;1
профессиональный уровень;1
профессионально-ориентированный язык;1
простые пути;1
пропущенное слова;1
произнесённый фрагмент;1
проектная деятельность;1
проведённый болтон;1
проведённый анализ;1
примеры заданий;1
привлекательная идея;1
презентация автора;1
презентаций/научные доклады;1
предстоящие события;1
представительный список;1
предсказанная революция;1
практическая деятельность;1
правильный ответ;1
последующие годы;1
последующее развитие;1
последующая работа;1
последующая практика;1
последняя версия;1
понимание видеосюжета;1
помощь примеров;1
пользователи платформы;1
полный тексты;1
полноценное урок;1
поисковые задания;1
поддерживаемый оон;1
повышение квалификации;1
повседневная работа;1
платформа futurelearn;1
платформа edex;1
платформа bnclab;1
платная версия;1
планы мини-уроков;1
первый взгляд;1
первостепенное внимание;1
первая очередь;1
педагогические принципы;1
педагогическая общественность;1
параллельное корпус;1
отсутствие примеров;1
открытый ресурсы;1
открытый образование;1
отдельные ролики;1
отдельные предложения;1
отдельные видео;1
основный фокус;1
основные учебники;1
основной учебник;1
основатель проекта;1
основа подходов;1
основа материалов;1
определённый учебник;1
определённый тип;1
определённый корпус;1
определённая категория;1
описание изменений;1
окончание обучения;1
обязательное использование;1
обязательная ссылка;1
общедоступные корпус;1
общедоступные задания;1
обучающие видео;1
образовательный портал;1
образовательные ресурсы;1
область обучения;1
облако слов;1
обзор видеоресурсов;1
новые условия;1
новые версии;1
новая версия;1
нкри studorium;1
непосредственное использование;1
немецкий язык;1
некоторые исследователи;1
некоторые аналог;1
незначительные ограничения;1
незнакомое слово;1
незнакомая лексика;1
недоступность корпусов;1
недавние публикация;1
небольшие видео;1
наша попытка;1
наш исследование;1
национальные корпус;1
национальная платформа;1
научные статьи;1
научные результаты;1
множественное число;1
множественное выбор;1
мнение разработчиков;1
методы обучения;1
методика преподавания;1
международные конференции;1
материалы конференций;1
материалы вяткиной;1
массовое сознание;1
малые группы;1
магистерская программа;1
магистерская диссертация;1
любой место;1
крупные корпусы;1
крупные исследователи;1
критический анализ;1
кризис воспроизводимости;1
крайняя мера;1
корпусный преподавание;1
корпусный подход;1
корпусные технологии;1
корпусные пятиминутки;1
корпусные подходы;1
корпусные менеджеры;1
корпусные задания;1
корпусные данные;1
корпус coca;1
контекст статьи;1
конкретный учебник;1
конкретный задание;1
конкретные корпусы;1
конкретная тема;1
конкретная категория;1
конкордансные строки;1
коллекция youtube;1
качество примера;1
качество дополнения;1
кафедра лингвистики;1
категория spoc;1
категории ресурсов;1
касающиеся влияние;1
канал youtube;1
какой вид;1
какие задания;1
каждая тема;1
каждая неделя;1
каждая категория;1
каждая глава;1
итоговый экзамен;1
используемая лексика;1
информационное общество;1
информативный блог;1
инструкции пользователя;1
иностранное язык;1
индивидуальная работа;1
иная тема;1
имя автора;1
имеющие подписка;1
имевший цель;1
иллюстрирующий правило;1
известные учёные;1
известные программы;1
идей/высказанные предложения;1
знакомство участников;1
другие языки;1
другие ресурсы;1
другие подходы;1
другие корпус;1
другие категории;1
другая возможность;1
дополнительный инструменты;1
дополнительные инструкции;1
длительность видео;1
дистанционное режим;1
десятка страниц;1
действующие преподаватели;1
данный случай;1
группа ресурсов;1
главы монографий;1
выявленные трудности;1
выполненный студенты;1
выполнение запроса;1
выбранный уровень;1
всяческое внимание;1
всплывающий окно;1
все публикация;1
временная ось;1
воспроизводимость результатов;1
вопросы обучения;1
возможные ответы;1
воздействие науки;1
внушительное объём;1
визуализация коллокаций;1
вид определения;1
версия antconc;1
введение материала;1
варшавский университет;1
важные отличия;1
важность концепции;1
важное тренд;1
будущие педагоги;1
британское вариант;1
большое количество;1
больший выборки;1
большие корпусы;1
большая поддержка;1
близкие синонимы;1
близкие видео;1
бесплатный курс;1
бесплатный доступ;1
бесплатная версия;1
базовый поиск;1
базовые характеристики;1
базовые методы;1
базовые концепции;1
базовые знание;1
английский языки;1
английская грамматика;1
анализ корпуса;1
академическое письмо;1
авторитетные конференции;1
video transcript;1
useful expressions;1
travel english;1
sketch engine;1
replication crisis;1
lesson plan;1
data-driven learning;1
communicative skills;1
career english;1
business english;1
applied linguistics;1
academic english;1
a-level exam;1
9 причин;1
87 стр;1
50 years;1
480 публикаций;1
4-е задания;1
4 задания;1
4 вопроса;1
30 лексем;1
3-и семестры;1
27 стр;1
24 ролика;1
22 страницы;1
21 вебинар;1
2-е лицо;1
2-е видео;1
14000 видео;1
13-15-летние подростки;1
12 пунктов;1
11 роликов;1
1000 просмотров;1
100 мини-курсов;1
10 роликов;1
1-я часть;1
ю;1
эффект;1
шоу;1
число;1
чамбес;1
цитирование;1
цель;1
ход;1
харт;1
функционал;1
функции;1
франкенберг-гарсия;1
фол;1
фейсбук;1
фгос;1
факт;1
файл;1
учители;1
учебник;1
участие;1
условия;1
упражнения;1
умолчание;1
указание;1
тысяча;1
требования;1
трансформация;1
точность;1
том;1
тестирование;1
сфера;1
субтитры;1
стёрн;1
студенты-магистранты;1
сторона;1
сравнение;1
способы;1
способ;1
специалисты;1
составление;1
сопровождение;1
слово;1
словарь;1
скачивание;1
ситуация;1
свидетельства;1
сан-паол;1
ряд;1
россия;1
ромер;1
ролики;1
ресурс/источник;1
ресурс;1
реппены;1
регистрация;1
распространение;1
разы;1
разработчики;1
работы;1
р;1
путеводитель;1
публикации;1
проценты;1
прохождение;1
протяжение;1
пропуска;1
прозрачность;1
проект;1
продвижение;1
принципы;1
пример;1
приложение;1
привязка;1
препятствия;1
представление;1
предложения;1
предложение;1
практика;1
право;1
правило;1
появление;1
постнаука;1
пособия;1
пользователь;1
показ;1
поиск;1
подсказка;1
подкатегория;1
поддержка;1
повторение;1
плунгян;1
платформа;1
план;1
пары;1
пароль;1
память;1
открытость;1
осень;1
освоение;1
онлайн-поиск;1
октябрь;1
объём;1
общество;1
носители;1
нкри;1
начало;1
момент;1
модель;1
минута;1
мини-уроки;1
мета-анализ;1
месяц;1
мастер-классы;1
майкл;1
май;1
литература;1
лингводидактика;1
лекция;1
лексика;1
левинзоны;1
космас;1
конференция;1
контроль;1
контент;1
контекст;1
комментарии;1
коллекция;1
коллеги;1
коган;1
кобб;1
класс;1
качество;1
кафедра;1
категория;1
каналы;1
исследователь;1
интернет;1
интегрирование;1
инструкции;1
инициатор;1
инициатива;1
изобретатель;1
изменение;1
идеи;1
значение;1
знание;1
захарова;1
запрос;1
задержка;1
ед;1
доступность;1
доступ;1
документ;1
докладчики;1
добрушина;1
добровольский;1
дисциплина;1
дети;1
движение;1
даниель;1
гутенберг;1
год;1
говорение;1
выпускники;1
выводы;1
вывод;1
выборка;1
вузы;1
возможность;1
возможности;1
вовлечение;1
внимание;1
внедрение;1
влияние;1
видеосюжет;1
видео;1
вид;1
весна;1
версия;1
вероятность;1
век;1
вв;1
бузаджи;1
брезина;1
бразилия;1
близость;1
беседа;1
байбер;1
анонсы;1
активация;1
адрес;1
адаптация;1
австралия;1
август;1
version;1
they;1
talc;1
p.234;1
method;1
linkedin;1
interpretation;1
eurocall;1
ddl;1
coca;1
cap;1
c;1
bnc;1
analysis;1
2019г;1
2012гги;1
